client_id,name,gender,address_id,age
1,Emily Johnson,Female,2899,45
2,Diane Hanson,Female,2056,25
3,Amy Johnson,Female,2382,57
4,Miranda Green,Female,12,36
5,Kelsey Ballard,Female,1809,31
6,Krystal Krause,Female,184,50
7,Andre Richardson,Male,997,50
8,Ryan Tran,Male,1709,32
9,Andrea Alexander,Female,2378,40
10,Ashley Anderson,Female,699,21
11,Zachary King,Male,1051,53
12,Caleb Martinez,Male,753,51
13,Katherine Montgomery,Female,2056,51
14,Mike Whitaker,Male,2403,21
15,Ashley Hicks,Female,506,35
16,Samantha Miller,Female,1399,40
17,Matthew Morris,Male,2653,44
18,Christine Short,Female,278,43
19,Johnathan Jensen,Male,1094,55
20,Michael Ingram,Male,2056,21
21,Kathryn Bradshaw,Female,2675,37
22,Michael Dixon,Male,2324,32
23,Felicia Lamb,Female,1880,42
24,Fernando Boyd,Male,603,46
25,Ryan Garcia,Male,161,55
26,John Richard,Male,238,34
27,Tiffany Thompson,Female,2512,48
28,Scott Wilson,Male,26,21
29,Joshua Wagner,Male,2786,37
30,Sarah Jackson,Female,1526,52
31,Lisa Ford,Female,463,35
32,Tara Wallace,Female,499,44
33,David Bennett,Male,1362,52
34,Melissa Jones,Female,2878,52
35,Shannon Owens,Female,2445,50
36,Troy Barnes,Male,787,38
37,Mary Caldwell,Female,2792,41
38,Diana Kennedy,Female,392,36
39,Matthew Lawson,Male,2096,50
40,Jeremiah Reyes,Male,754,68
41,Michael Wu,Male,994,40
42,Tyler Mays,Male,1186,33
43,Ryan Brock,Male,2994,40
44,Judy Soto,Female,393,21
45,Diana Mullins,Female,210,42
46,Karen Stone,Female,1298,29
47,Scott Martinez,Male,2893,38
48,Austin Harris,Male,2685,40
49,Lori Parks,Female,1575,49
50,Tracy Horton,Female,2659,42
51,Janice Dodson,Female,2589,50
52,Lauren Morris,Female,525,22
53,Lisa Weaver,Female,1781,23
54,James Huff,Male,1939,38
55,Lisa Foster,Female,2546,33
56,Daniel Pugh,Male,2351,38
57,Leah Roman,Female,1291,44
58,Rachel Gonzalez,Female,2159,39
59,Edward Allison,Male,454,46
60,Sharon Turner,Female,319,58
61,Patricia Wright,Female,573,28
62,Corey Kennedy,Male,1683,39
63,Robert Wood,Male,81,43
64,Melinda Taylor,Female,1458,37
65,Angela Stewart,Female,2780,52
66,Jorge Case,Male,1791,21
67,Joshua Smith,Male,539,64
68,Stephanie Gill,Female,2896,26
69,Leslie Day,Female,2996,42
70,Rebecca Harris,Female,633,48
71,Nathaniel Harris,Male,228,30
72,Kimberly White,Female,2484,45
73,David Mills,Male,515,48
74,Jennifer Reyes,Female,1030,46
75,Chloe Padilla,Female,1669,28
76,Michael Glenn,Male,1823,64
77,Christopher Griffin,Male,710,42
78,Amanda Clark,Female,2960,26
79,Traci Baker,Female,2929,47
80,Brooke Hicks,Female,194,40
81,Nancy Anderson,Female,575,45
82,Eric Henderson,Male,2634,21
83,Deborah Payne,Female,2952,55
84,James Becker,Male,2674,41
85,Crystal Pugh,Female,2357,41
86,Jerry Thompson,Male,641,34
87,Jennifer Thornton,Female,2964,49
88,Richard Williams,Male,1336,51
89,Sue Liu,Female,2036,43
90,Christopher Martinez,Male,2443,56
91,Lori Williams,Female,805,40
92,Frank Prince,Male,2929,35
93,Diana Thornton,Female,969,27
94,Joy Barrett,Female,877,32
95,Sara Diaz,Female,2654,49
96,Jessica Joyce,Female,1639,39
97,Kimberly Bradshaw,Female,1668,35
98,Kaitlin Ellis,Female,1142,46
99,April Davis,Female,651,27
100,James Elliott,Male,2475,33
101,Antonio Ray,Male,787,43
102,Lindsay Rogers,Female,2437,46
103,Alyssa Edwards,Female,2551,46
104,Elizabeth Franco,Female,2671,43
105,Pamela Wyatt,Female,665,45
106,Cheryl Cooper,Female,2791,56
107,Lauren Mayer,Female,12,30
108,Kelly Sanchez,Female,245,34
109,James Woodward,Male,1416,54
110,Valerie Gentry,Female,2591,24
111,Carlos Williams,Male,1332,50
112,Allen Randolph,Male,2149,21
113,Miranda Clark,Female,969,34
114,David Brown,Male,36,48
115,Veronica Duncan,Female,993,37
116,Emily Saunders,Female,2782,37
117,Melissa Snyder,Female,2373,48
118,Charles Johnson,Male,2396,21
119,Patricia Maxwell,Female,2350,40
120,Dawn Fuller,Female,2865,44
121,John Mathews,Male,2204,37
122,Christian Kelly,Male,1480,32
123,Marvin Jones,Male,498,31
124,Brian Harris,Male,886,45
125,Nicole Garcia,Female,850,21
126,Micheal Bowen,Male,2184,44
127,Sharon Holland,Female,182,34
128,Joseph Chen,Male,2931,36
129,Regina Campbell,Female,2671,48
130,Ashley Moore,Female,1515,48
131,Ashley Hoover,Female,311,42
132,Sarah Parker,Female,2885,41
133,Michael Young,Male,2047,49
134,Jonathan Hernandez,Male,2560,62
135,Kimberly Campbell,Female,1613,47
136,Laura Arnold,Female,2519,28
137,Joe Campbell,Male,1019,21
138,Mark Jimenez,Male,2955,63
139,Carol Hernandez,Female,2949,21
140,Sara Hardy,Female,1659,54
141,Eddie Contreras,Male,2179,49
142,Rebecca Johnson,Female,1093,35
143,Juan Foster,Male,2218,48
144,Stephanie Ramirez,Female,486,29
145,Timothy Torres,Male,708,54
146,Erik Jones,Male,1251,33
147,Troy Lewis,Male,1974,48
148,Katherine Zimmerman,Female,56,51
149,Benjamin Khan,Male,2381,38
150,William Mahoney,Male,229,68
151,Samantha Rodriguez,Female,1110,45
152,Albert Gray,Male,1108,49
153,Joseph Robertson,Male,1217,34
154,Dawn Thomas,Female,2157,39
155,Kathryn Dixon,Female,1349,56
156,Justin Hernandez,Male,149,30
157,Krystal Morse,Female,1377,21
158,Michele Aguilar,Female,2964,35
159,Joshua Salazar,Male,491,29
160,Regina Fowler,Female,2171,44
161,Deborah Sanders,Female,131,46
162,Laurie Rogers,Female,2430,31
163,Chris Calderon,Male,2930,36
164,Gregory Sandoval,Male,2475,29
165,Ricky White,Male,1217,29
166,Emily Mcgee,Female,2395,42
167,Charles Johnson,Male,508,47
168,Lindsey Stone,Female,1427,42
169,Beverly Sloan,Female,2236,51
170,Wayne Haynes,Male,245,51
171,Melissa Watts,Female,23,39
172,Joseph Lewis,Male,437,33
173,Amanda Shannon,Female,115,28
174,Daniel Wallace,Male,2521,25
175,John Burns,Male,805,41
176,Sarah Brewer,Female,2693,37
177,Anna Brown,Female,599,65
178,Yvonne Peterson,Female,124,41
179,Sabrina Morgan,Female,2133,23
180,Cameron Vincent,Male,1685,57
181,Sara Hall,Female,2270,21
182,John Heath,Male,1863,23
183,Anthony Doyle,Male,1454,44
184,Eric Matthews,Male,2087,39
185,Ruben Lamb,Male,566,55
186,Sara Cook,Female,2420,22
187,Brian Cline,Male,846,25
188,Jennifer Randolph,Female,1429,32
189,Nicholas Zimmerman,Male,2040,35
190,Morgan Wilson,Female,2950,22
191,Mikayla Tate,Female,2799,42
192,Yvonne Thomas,Female,231,32
193,Julie Koch,Female,1455,22
194,Raymond Thomas,Male,83,29
195,Kelly Williams,Female,806,53
196,Jessica Frank,Female,2348,34
197,George Johnson,Male,2772,38
198,Christopher Barton,Male,721,50
199,Joshua Scott,Male,591,43
200,Kathryn Butler,Female,1014,27
201,Robert Lindsey,Male,1971,36
202,Kayla Rose,Female,1408,32
203,Aaron Patterson,Male,2811,41
204,Anne Johnston,Female,1758,33
205,Cassandra Garcia,Female,1451,52
206,Billy Martinez,Male,2632,30
207,Elizabeth Thomas,Female,131,33
208,Brian Moore,Male,1889,40
209,John Ruiz,Male,994,62
210,Kayla Escobar,Female,527,49
211,Austin Cook,Male,2085,46
212,Laurie Martinez,Female,716,33
213,Bruce Anderson,Male,1756,52
214,Bruce Gonzalez,Male,624,65
215,Lori Nichols,Female,1420,57
216,Kyle Gonzales,Male,1348,52
217,David Dillon,Male,1740,48
218,Jessica French,Female,1774,31
219,Isabella Harding,Female,175,45
220,April Patton,Female,93,48
221,Michelle Schwartz,Female,278,36
222,Zoe Graham,Female,207,63
223,Russell Woods,Male,2374,44
224,Janet Aguilar,Female,2145,50
225,Sara Chen,Female,2022,42
226,Wesley Morrison,Male,1413,21
227,Ryan Tate,Male,1561,35
228,Roger Martinez,Male,12,38
229,John Houston,Male,2603,53
230,Kelly Nichols,Female,2821,42
231,Danielle Cervantes,Female,2023,41
232,Donna Mcintosh,Female,1694,43
233,Nicole Osborne,Female,2661,38
234,Calvin Morris,Male,2625,31
235,William Long,Male,2596,25
236,James Henry,Male,1304,42
237,Ricky George,Male,1397,46
238,Meredith Page,Female,2616,70
239,Daniel May,Male,2987,44
240,Jose Peterson,Male,1381,48
241,Jamie Robinson,Female,2667,36
242,Tara Meadows,Female,488,46
243,Jonathan Marsh,Male,1193,50
244,Monica Hayden,Female,2969,27
245,Anthony Vasquez,Male,494,23
246,David Hancock,Male,492,53
247,Donald Ellis,Male,2743,54
248,William Stewart,Male,449,44
249,Melinda Dean,Female,716,29
250,Arthur Davis,Male,1715,43
251,Steven Miller,Male,71,62
252,Andrew Watts,Male,2965,21
253,Walter Robinson,Male,768,23
254,Natalie Morrison,Female,2578,41
255,Robert Moore,Male,2758,40
256,Rebecca Adams,Female,154,24
257,Ryan Baker,Male,900,29
258,Christine Black,Female,767,46
259,Kyle Jones,Male,80,33
260,Victor Brooks,Male,514,30
261,Regina Jenkins,Female,2139,58
262,Alexandria Bishop,Female,231,42
263,David Rodriguez,Male,46,43
264,Julie Marks,Female,1467,50
265,Catherine Reyes,Female,708,43
266,Christopher Aguirre,Male,451,52
267,William Atkins,Male,90,44
268,Kimberly Brady,Female,1757,62
269,Timothy Jackson,Male,683,34
270,Julie Black,Female,483,44
271,Zachary Morris,Male,2586,40
272,Eric Gill,Male,705,32
273,James Austin,Male,1459,36
274,Justin Mills,Male,2010,31
275,Jack Tran,Male,2776,42
276,Tyrone Wolf,Male,1159,51
277,Rebecca Walker,Female,2618,40
278,Christopher Krause,Male,1758,46
279,Christopher Freeman,Male,762,44
280,Andrea Davis,Female,2214,36
281,Kimberly Hull,Female,893,34
282,Henry Ramirez,Male,1729,35
283,Maria Mccoy,Female,1462,21
284,Denise Williams,Female,869,58
285,Jesse Snyder,Male,1389,40
286,Adrian Nguyen,Male,1870,36
287,Jonathan Landry,Male,2211,24
288,Phillip Fuentes,Male,1700,61
289,Jodi Johnson,Female,1730,35
290,James Bates,Male,712,38
291,Caitlin Marshall,Female,2886,44
292,Jodi Miller,Female,1831,49
293,Amy Church,Female,2146,31
294,Tina Drake,Female,2446,52
295,Michelle Powell,Female,692,40
296,Scott Harrison,Male,581,56
297,Crystal Kirby,Female,651,39
298,Alexandria Shelton,Female,18,35
299,Matthew Conner,Male,1645,21
300,Tyler Blackburn,Male,2909,36
301,Cindy Smith,Female,1228,46
302,David Waters,Male,203,48
303,Brandy Reeves,Female,98,37
304,Robert Green,Male,1403,70
305,Kayla Meadows,Female,1204,21
306,Laura Ellis,Female,2170,38
307,Kathryn Pennington,Female,2597,57
308,Catherine Villa,Female,2324,47
309,Tammy Haynes,Female,2665,42
310,Tina Gordon,Female,2735,21
311,Adam Davis,Male,1081,43
312,Christopher Khan,Male,2217,33
313,Daniel Parks,Male,1804,42
314,Allison Santos,Female,857,51
315,Karen Sanchez,Female,2692,39
316,James Green,Male,2912,36
317,Tina Morris,Female,32,51
318,Travis Robinson,Male,1795,39
319,Paul Smith,Male,759,31
320,Jordan Walls,Male,409,27
321,Patricia Vazquez,Female,1996,51
322,Jessica Ho,Female,934,51
323,Jennifer Henderson,Female,2617,48
324,Jeremy Hernandez,Male,2897,41
325,Julie Diaz,Female,2105,30
326,Mary Hood,Female,332,35
327,Tracy Huerta,Female,2160,62
328,Tyler Oliver,Male,2750,41
329,Erin Williams,Female,2070,49
330,Mark Martinez,Male,982,34
331,Barbara Turner,Female,1722,42
332,Leslie Gomez,Female,2256,43
333,Jenny Kennedy,Female,2088,40
334,Perry Rosario,Male,1333,39
335,Stephanie Smith,Female,1351,37
336,Amy Farmer,Female,2418,43
337,John Melton,Male,1313,56
338,Ian Kennedy,Male,2875,39
339,Jason Mason,Male,851,41
340,John Bass,Male,1471,45
341,Sean Rush,Male,111,43
342,Scott Daniels,Male,1836,46
343,Carrie Steele,Female,2265,47
344,Heather Smith,Female,2975,37
345,Tyler Schroeder,Male,1634,27
346,Robert Barton,Male,2295,39
347,David Porter,Male,1215,29
348,Michael Brown,Male,1678,44
349,Johnathan Rosario,Male,2946,45
350,Julie Ross,Female,343,28
351,Crystal Harris,Female,587,34
352,Laura Garza,Female,2684,57
353,Isaac Cherry,Male,629,35
354,Alexandra Munoz,Female,1916,34
355,Denise Gardner,Female,670,23
356,Charles Compton,Male,1910,39
357,Cassandra Gordon,Female,350,49
358,Jeffrey Brown,Male,2220,65
359,Matthew Young,Male,598,55
360,Cory Rowe,Male,2335,43
361,Kathryn Deleon,Female,1942,52
362,Alan Roberts,Male,444,52
363,Eric Jordan,Male,2258,44
364,Alicia Weeks,Female,1736,37
365,Jeffrey Watts,Male,2593,69
366,Lauren Holt,Female,1129,56
367,David White,Male,1730,26
368,Susan Castro,Female,1062,24
369,Darrell Casey,Male,1697,47
370,Donna Buck,Female,1460,27
371,Alexis Cooper,Female,2403,32
372,Kristine Reeves,Female,438,41
373,Kathryn Blanchard,Female,2330,22
374,Jesse Perez,Male,1540,42
375,Christine Watts,Female,2361,29
376,Kim Russell,Female,2885,21
377,Jordan Yates,Female,2319,61
378,Tommy Garza,Male,1641,24
379,Amanda Myers,Female,565,46
380,Randall Johnson,Male,2660,31
381,Erika Weiss,Female,548,58
382,Michael Santana,Male,1848,38
383,Robert Clark,Male,166,62
384,Rodney Barnes,Male,1803,35
385,Cheryl Lee,Female,2821,42
386,Cynthia Martin,Female,496,34
387,Brandon Yang,Male,2294,52
388,Adam Thomas,Male,193,21
389,David Palmer,Male,556,30
390,Michael Hancock,Male,2604,29
391,Sherri Rodriguez,Female,97,44
392,Kelsey Torres,Female,2737,28
393,Jennifer Mcdaniel,Female,399,43
394,Kristen Little,Female,1099,46
395,James Glover,Male,1077,26
396,Megan Barrett,Female,2907,40
397,Lawrence Gilmore,Male,1452,40
398,Erik Ingram,Male,1666,27
399,Ryan Edwards,Male,2474,37
400,Christine Jenkins,Female,1169,63
401,Alex Esparza,Male,1833,37
402,Erin Pruitt,Female,1991,28
403,Gary Green,Male,1587,44
404,Melinda Jenkins,Female,2762,24
405,Ana Mitchell,Female,840,37
406,Melanie Hooper,Female,1030,34
407,Jenny Smith,Female,2189,51
408,Louis Sanchez,Male,2255,56
409,Nicole Schmitt,Female,1460,53
410,Nicole Taylor,Female,1439,45
411,Taylor Hayes,Male,2038,28
412,Samantha Warren,Female,2369,54
413,Cheryl Williams,Female,428,46
414,Craig Huffman,Male,1516,32
415,Joshua Deleon,Male,2623,31
416,Jacob Ritter,Male,2143,37
417,Tiffany Hudson,Female,2787,47
418,Chelsey Pena,Female,1547,44
419,Richard Mcgee,Male,1862,21
420,David Jones,Male,2009,29
421,Anthony Barrera,Male,685,31
422,Janice Mckenzie,Female,2311,38
423,Caitlyn Oneal,Female,27,43
424,Amy Andersen,Female,415,42
425,William Wright,Male,1896,36
426,Brian Riley,Male,479,36
427,Antonio Collins,Male,2857,45
428,Dan Davis,Male,697,39
429,Angel Young,Female,485,34
430,David Rivera,Male,1101,44
431,Margaret Silva,Female,1144,27
432,Gina Robertson,Female,106,36
433,Natalie Anthony,Female,527,56
434,Brittany Jones,Female,128,25
435,James Booth,Male,739,21
436,Diana Barnes,Female,66,58
437,Vanessa Lee,Female,1705,32
438,Adam Harrison,Male,2291,37
439,Nathan Logan,Male,1261,60
440,Leslie Rodriguez,Female,1394,33
441,Larry Bass,Male,2523,31
442,Hayley Rose,Female,1990,47
443,Michael Wright,Male,2157,37
444,Daniel Rodriguez,Male,248,43
445,Leslie Jimenez,Female,130,35
446,Christina Graham,Female,662,30
447,Jasmine Kim,Female,916,43
448,Evelyn Murphy,Female,967,43
449,Antonio Thompson,Male,2148,25
450,Matthew Figueroa,Male,2686,31
451,Kristin Brock,Female,580,21
452,Lucas Flynn,Male,350,43
453,Linda Jones,Female,2197,41
454,Paul Wood,Male,2113,35
455,Darren Reed,Male,995,32
456,Austin Dodson,Male,1489,40
457,Leroy Werner,Male,364,33
458,David Barrera,Male,174,53
459,Shelby Meyer,Female,2842,25
460,Heidi Smith,Female,550,23
461,Jamie Jordan,Female,719,64
462,Jennifer Arnold,Female,1734,22
463,Tony Jackson,Male,675,26
464,Sarah Nelson,Female,946,45
465,Mary Navarro,Female,587,44
466,Anthony Morgan,Male,412,48
467,Teresa Anthony,Female,2851,43
468,David Nguyen,Male,1093,37
469,Larry Davidson,Male,1949,33
470,Jordan Moon,Male,1945,31
471,Derrick Evans,Male,1862,56
472,Teresa Fletcher,Female,1916,36
473,Dustin Parks,Male,1649,46
474,Ashley Rodriguez,Female,819,63
475,Kristine Valdez,Female,2031,36
476,Sandra Lopez,Female,1793,40
477,Robert Smith,Male,1202,45
478,Kenneth King,Male,1046,23
479,James Rios,Male,2949,45
480,Margaret Gonzalez,Female,2525,46
481,Tyler Archer,Male,1928,26
482,Nicole Thomas,Female,490,23
483,Yolanda Hicks,Female,722,34
484,Kevin Schultz,Male,2353,35
485,Tiffany Spencer,Female,1328,21
486,John Davis,Male,39,39
487,Hunter Bell,Male,193,30
488,Matthew Weeks,Male,2670,41
489,Melissa Hess,Female,1664,31
490,Rebecca Wall,Female,2110,21
491,Margaret Clements,Female,1893,48
492,Toni Thomas,Female,2331,51
493,Matthew Rocha,Male,736,33
494,Jessica Sanchez,Female,844,21
495,Carlos Williams,Male,650,39
496,Veronica Ramirez,Female,975,37
497,Jennifer Barnett,Female,584,38
498,Jennifer Thompson,Female,2324,41
499,Hannah Lam,Female,1260,21
500,Kyle Bowen,Male,547,27
501,John Medina,Male,2173,46
502,Leah Padilla,Female,536,49
503,Christopher Carter,Male,2154,38
504,Arthur Jackson,Male,2253,39
505,Patrick Khan,Male,200,31
506,Duane Rodriguez,Male,218,60
507,Laurie Yates,Female,1280,42
508,Jason Ford,Male,1248,53
509,April Burton,Female,338,35
510,Bruce Calderon,Male,1466,39
511,Christopher Jones,Male,334,37
512,Derek Montoya,Male,103,34
513,Linda Burns,Female,790,60
514,David Hall,Male,873,57
515,Christian Peterson,Male,1377,25
516,Andrew Jones,Male,1303,40
517,Dominic Gomez,Male,250,44
518,James Allen,Male,2850,46
519,Brittany Wilcox,Female,839,53
520,Pamela Lopez,Female,760,34
521,Angela Howard,Female,2603,49
522,Megan Chandler,Female,1137,40
523,Tyler Garcia,Male,2894,42
524,Cathy Martin,Female,1367,26
525,Sydney Wilson,Female,2009,28
526,Elizabeth Davis,Female,2956,38
527,Jennifer Castro,Female,719,40
528,Benjamin Weeks,Male,865,65
529,Kevin Figueroa,Male,1935,58
530,Gail Lopez,Female,2857,32
531,Ryan Wiley,Male,1171,35
532,Nathan Parks,Male,2494,26
533,Amanda Gonzalez,Female,1238,29
534,Leah Walker,Female,993,26
535,Crystal Ford,Female,464,39
536,Linda Silva,Female,2851,24
537,Sharon Carroll,Female,1227,33
538,Julie Anderson,Female,2943,41
539,Elizabeth Blankenship,Female,1589,32
540,Michelle Gentry,Female,428,29
541,Renee Young,Female,662,27
542,Anna Watts,Female,1591,54
543,Sarah Clark,Female,2147,60
544,Matthew Shelton,Male,2729,32
545,Jose Chen,Male,856,37
546,Heidi Walters,Female,1073,25
547,Daniel Richards,Male,2491,47
548,Gregory Harris,Male,1497,42
549,Michael Smith,Male,1099,53
550,Alvin Ford,Male,2862,34
551,Gregory Hatfield,Male,1023,56
552,Michael Lawson,Male,2086,50
553,Sherri Reid,Female,102,50
554,Kelly Ayers,Female,2821,46
555,Kristin Luna,Female,940,39
556,Eric Salazar,Male,123,48
557,Anthony Warren,Male,401,21
558,Natalie Sims,Female,194,41
559,Carolyn Hernandez,Female,1621,43
560,Ryan Cole,Male,2711,35
561,Angela Adams,Female,2333,39
562,Debra Brown,Female,2094,52
563,Melissa Wolfe,Female,2494,37
564,Kelly Perez,Female,2398,49
565,Tyler Williams,Male,2623,46
566,Sandra Fernandez,Female,1342,26
567,Brian Jones,Male,547,59
568,Matthew Osborne,Male,139,22
569,Samantha Smith,Female,2523,64
570,Anna Richardson,Female,2052,23
571,Karen Harvey,Female,2382,40
572,Jeffery Mcdonald,Male,1911,47
573,Lauren Morales,Female,2863,57
574,Charles Morales,Male,1981,42
575,Carrie Booth,Female,650,21
576,Randall Contreras,Male,1055,49
577,Cody Young,Male,2723,34
578,Michelle Garcia,Female,2038,53
579,Margaret Wilson,Female,194,58
580,Jason Stephens,Male,2607,57
581,Robert Wilson,Male,803,23
582,Theresa Williams,Female,2539,36
583,William Robinson,Male,2960,49
584,Adrian Simmons,Male,1351,38
585,Jessica Taylor,Female,1926,32
586,Olivia Macias,Female,562,42
587,Andrew Nichols,Male,1207,28
588,Charles Rosales,Male,9,42
589,Joseph Jennings,Male,2542,28
590,Alexandria Walker,Female,93,57
591,Mike Newman,Male,2327,48
592,Grant Jordan,Male,80,38
593,Alexander Sanchez,Male,1727,49
594,Gary Page,Male,895,25
595,Leon Carter,Male,1417,33
596,Kimberly Nolan,Female,2063,39
597,Sarah Clark,Female,1247,26
598,Alexa Anderson,Female,1971,27
599,Arthur Brown,Male,2241,52
600,Mariah Bowen,Female,698,60
601,Kenneth Rice,Male,1754,40
602,April Rodriguez,Female,515,41
603,Richard Smith,Male,75,43
604,David Christian,Male,2439,36
605,Phillip Wu,Male,1176,44
606,Brian Dorsey,Male,2417,51
607,Sean Mcgee,Male,1264,46
608,Tamara Miller,Female,1230,21
609,Andrea Morgan,Female,495,46
610,Sandra Paul,Female,870,35
611,Tracy Berry,Female,2484,34
612,Antonio Simmons,Male,1200,26
613,Michelle Burgess,Female,2093,30
614,Frank Clark,Male,399,52
615,Linda Cunningham,Female,942,24
616,Earl Smith,Male,1320,46
617,Maria Martinez,Female,1546,44
618,Frances Garcia,Female,1075,50
619,Sarah Booth,Female,775,21
620,Chad Hines,Male,1462,38
621,Frank Wade,Male,224,32
622,Mary Mullins,Female,2791,31
623,Joseph Robinson,Male,2004,60
624,Maurice Randall,Male,507,55
625,Anne Barker,Female,795,34
626,John Robles,Male,1346,44
627,Sheri Wood,Female,41,45
628,Dawn Allen,Female,1963,38
629,Michael Schaefer,Male,1588,35
630,Lance Sexton,Male,2423,32
631,Kendra Long,Female,2355,42
632,Dawn Huffman,Female,578,29
633,Karen West,Female,1999,50
634,Elizabeth Chen,Female,1262,37
635,Justin Watkins,Male,989,38
636,Michael Gamble,Male,1554,37
637,Chris Lang,Male,1301,29
638,James Morris,Male,2402,49
639,Brenda Oneal,Female,415,36
640,Martin Chang,Male,242,48
641,Nicole Hopkins,Female,1500,35
642,Laurie Flores,Female,909,45
643,Brenda Kirby,Female,581,49
644,Gregory Burke,Male,2574,21
645,Veronica Walters,Female,2650,21
646,Ryan Mendez,Male,532,45
647,Andrew Ortega,Male,1217,21
648,Amanda Soto,Female,1978,26
649,James Rivera,Male,2225,28
650,Peter Harris,Male,1603,21
651,Troy Davis,Male,2265,58
652,Victor Hughes,Male,1763,26
653,Nicholas Johnson,Male,2470,42
654,James Reid,Male,1622,51
655,Judith Hahn,Female,1304,21
656,Ana Murphy,Female,994,34
657,David Wright,Male,1008,37
658,Mary Wilson,Female,1050,42
659,Rebecca Watson,Female,1601,59
660,Jordan Brown,Female,2852,46
661,James Jones,Male,2185,32
662,Valerie Anderson,Female,2514,58
663,Timothy Edwards,Male,1050,43
664,Natalie Smith,Female,1353,34
665,Robert Garrett,Male,2457,61
666,Kyle Anderson,Male,1841,43
667,Adam Gibson,Male,659,22
668,Nicholas Marsh,Male,1210,62
669,Gabriel Miller,Male,1290,60
670,Audrey Bell,Female,1436,44
671,Kathy Fisher,Female,915,44
672,Katie Morrow,Female,2203,52
673,Lance Harris,Male,452,54
674,Cody George,Male,1037,21
675,Austin Mason,Male,2601,31
676,Shannon Fry,Female,2791,49
677,Ashley Tucker,Female,1337,54
678,Jessica Thomas,Female,2034,38
679,Theresa Thompson,Female,2447,27
680,Tyler Wilson,Male,2443,57
681,Michael Watson,Male,1614,36
682,Heather Gilbert,Female,1136,27
683,Richard Mckinney,Male,1786,42
684,Dennis Lopez,Male,1765,46
685,Natalie Franco,Female,2881,59
686,Leslie King,Female,1530,21
687,Karen Mcdonald,Female,312,55
688,Mark Herrera,Male,824,46
689,Bobby Flynn,Male,1438,37
690,William Miller,Male,1134,46
691,Susan Jenkins,Female,1073,43
692,Adam Morris,Male,2458,42
693,Matthew Mckenzie,Male,2640,51
694,Ricky Garcia,Male,286,60
695,Jennifer Baker,Female,475,38
696,Eric Martin,Male,2633,51
697,Alexandra Crawford,Female,1971,48
698,Katelyn Benitez,Female,2491,33
699,Susan Rodriguez,Female,1706,30
700,Amy Taylor,Female,26,59
701,Michael Brooks,Male,1340,70
702,Laura Miller,Female,97,39
703,Ashley Carson,Female,1311,35
704,Chris Ward,Male,1593,21
705,Jennifer Gray,Female,2092,70
706,Katherine Sawyer,Female,2961,38
707,Alyssa Aguilar,Female,1902,41
708,April Martin,Female,1816,41
709,Stephanie Rios,Female,2876,43
710,Timothy Heath,Male,1528,57
711,Jacqueline Hernandez,Female,978,57
712,Mary Flores,Female,2215,48
713,Elizabeth Joyce,Female,2366,57
714,Kelly Neal,Female,874,44
715,Sarah Saunders,Female,2026,26
716,Patrick Hughes,Male,354,44
717,Danielle Kelly,Female,1414,21
718,Eric Fuller,Male,171,37
719,Matthew Hurley,Male,1605,45
720,Carol Campos,Female,1400,33
721,Angela Jones,Female,1367,43
722,Haley Mcbride,Female,1690,64
723,Tammy Bradshaw,Female,2412,21
724,Douglas Larson,Male,864,33
725,Donald Montgomery,Male,2716,33
726,Toni Ross,Female,467,52
727,Justin Long,Male,465,40
728,Andrea Haas,Female,355,40
729,Jason Robinson,Male,456,21
730,Melissa Ross,Female,1238,49
731,Sharon Smith,Female,1284,32
732,Haley Rodriguez,Female,1238,24
733,Marvin Russo,Male,2743,47
734,Natalie Lynch,Female,2830,38
735,James Ross,Male,2081,24
736,Omar Garcia,Male,758,43
737,Patrick Robinson,Male,497,48
738,Harry Delgado,Male,9,41
739,Michael Moore,Male,266,43
740,Ronald Martinez,Male,1814,35
741,Robert Crosby,Male,1082,29
742,Dominic Brandt,Male,1714,60
743,Elizabeth Johnston,Female,584,48
744,Brian Oliver,Male,493,31
745,David Jackson,Male,760,41
746,Brandy Olson,Female,306,54
747,Thomas Clark,Male,2398,36
748,Rachel Patterson,Female,1716,39
749,Andrew Rodriguez,Male,451,44
750,Caitlin Bentley,Female,2539,35
751,Daniel Nelson,Male,2802,21
752,Kyle Stanton,Male,406,29
753,Francisco Sellers,Male,14,52
754,Brian Mcdonald,Male,2530,28
755,Michelle Costa,Female,1392,44
756,Valerie Stuart,Female,2822,47
757,John Jones,Male,1525,52
758,Regina Fitzpatrick,Female,993,37
759,Henry Wilkins,Male,850,44
760,Mariah Lawrence,Female,2046,21
761,Hannah Turner,Female,2649,39
762,Christopher Flowers,Male,2528,36
763,Jessica Rogers,Female,2959,31
764,Joshua Trevino,Male,733,37
765,Andrea Vaughan,Female,2011,38
766,Leslie Ayala,Female,576,35
767,Melissa Oconnor,Female,1002,21
768,Kristine Higgins,Female,2910,65
769,Amber Rivera,Female,1484,48
770,Ashley Reid,Female,1707,38
771,Julia Cook,Female,1813,56
772,Jessica Dawson,Female,2471,40
773,Ryan Bailey,Male,2539,43
774,Margaret Anderson,Female,2489,45
775,Briana Brown,Female,1932,30
776,Stephanie Parks,Female,327,39
777,James Collins,Male,2073,22
778,Jordan Bryant,Male,519,38
779,Shirley White,Female,1454,33
780,Carrie Sims,Female,1461,33
781,David Reyes,Male,381,48
782,Nicholas Nguyen,Male,2505,37
783,Jessica Patterson,Female,265,24
784,James Phillips,Male,172,36
785,Jeremy Mejia,Male,2870,68
786,Caitlin Castillo,Female,2516,30
787,Michael Lyons,Male,2299,40
788,Kimberly Spears,Female,1936,23
789,Michael Benson,Male,1190,44
790,Janet Alexander,Female,1450,42
791,Jessica Rose,Female,1988,45
792,Heather Miller,Female,1483,40
793,Matthew Hill,Male,2791,37
794,Angela Olson,Female,1884,40
795,Mark Thomas,Male,2068,64
796,Michael Zhang,Male,1904,21
797,Joel Brooks,Male,1434,45
798,Connie Farrell,Female,2524,28
799,Pamela Jensen,Female,505,38
800,Jesse Compton,Male,2834,27
801,Thomas Bullock,Male,2559,54
802,Lisa Clark,Female,1482,46
803,Megan Bond,Female,735,43
804,Karen Cole,Female,945,50
805,Karla Lopez,Female,196,38
806,Hayley Lopez,Female,1309,48
807,Isaiah Weeks,Male,470,63
808,Christina Cruz,Female,2625,38
809,Yesenia Dillon,Female,2450,51
810,Kristen West,Female,1727,25
811,Brad Jones,Male,1584,57
812,Catherine Banks,Female,2779,39
813,Russell Jones,Male,1601,48
814,Ricardo Molina,Male,1822,30
815,Samuel Smith,Male,160,21
816,Natalie Acevedo,Female,1358,26
817,Kristen Taylor,Female,2008,36
818,Theresa Farley,Female,1197,28
819,Tracy Torres,Female,721,48
820,Rachel Humphrey,Female,161,40
821,Keith Davis,Male,870,32
822,Courtney Adams,Female,1169,36
823,Kayla Marsh,Female,2817,37
824,Lindsey Rosales,Female,2568,42
825,Jessica Taylor,Female,713,29
826,Darrell Wiley,Male,816,70
827,Vanessa Martin,Female,2319,35
828,Austin Rodriguez,Male,1326,38
829,Robert Jenkins,Male,1232,50
830,Matthew Martinez,Male,1411,55
831,Lauren Bautista,Female,237,43
832,Daniel Gallagher,Male,2698,39
833,James Walker,Male,2549,39
834,Wesley Hudson,Male,1075,62
835,Margaret Malone,Female,872,30
836,Kayla Simon,Female,968,35
837,Meagan Owens,Female,1596,33
838,Gina Williams,Female,769,32
839,Shannon Thompson,Female,632,65
840,Michael Lawson,Male,1816,40
841,Kathy Jackson,Female,531,29
842,Zachary Jackson,Male,944,35
843,Janet Kelly,Female,140,28
844,Barbara Daniels,Female,2945,59
845,Ashley Anderson,Female,1587,40
846,Shawn Crosby,Male,2127,34
847,Alexandra Wells,Female,1937,21
848,Steven Brown,Male,2064,41
849,Reginald West,Male,838,29
850,Dominic Ross,Male,851,40
851,Timothy Whitaker,Male,2796,33
852,Ruth Khan,Female,2103,48
853,Courtney Morris,Female,1947,28
854,Amber Espinoza,Female,820,49
855,Ashley Marshall,Female,1763,38
856,Christine May,Female,1597,31
857,Carol Ruiz,Female,312,52
858,Lindsey Martinez,Female,351,51
859,Charlene Parker,Female,1201,47
860,Jennifer Gray,Female,434,30
861,Wesley Stuart,Male,1910,40
862,Bonnie Lewis,Female,2141,47
863,Barbara Stanton,Female,1100,35
864,Maria Bennett,Female,2345,39
865,Melissa Wong,Female,1520,63
866,Lisa Moore,Female,1516,40
867,Jack Mendoza,Male,235,44
868,Emily Herman,Female,887,29
869,Erica Schmitt,Female,2266,39
870,Jordan Shepherd,Female,2653,33
871,James Welch,Male,1728,37
872,Latasha Moreno,Female,1578,53
873,Donald Allen,Male,2274,39
874,Emma Pierce,Female,807,28
875,William Jones,Male,2698,32
876,Matthew Giles,Male,2348,43
877,John Walker,Male,831,45
878,Ashley Johnson,Female,1370,47
879,Hayden Cunningham,Male,1280,37
880,Shannon Arnold,Female,449,34
881,Renee Turner,Female,1255,40
882,Jennifer Mercado,Female,1761,21
883,Tammy Keith,Female,2415,21
884,Joshua Hernandez,Male,2287,21
885,Robert Harris,Male,1297,36
886,Jenna Stanton,Female,1094,30
887,Carmen Fuentes,Female,2722,39
888,Carol Marsh,Female,1888,35
889,Cynthia Parker,Female,1749,42
890,Anna Miller,Female,1499,43
891,Rhonda Wilkerson,Female,104,50
892,Jeffrey Hebert,Male,1446,29
893,Luke Chang,Male,1235,39
894,Thomas Hurst,Male,145,21
895,Jeff Thompson,Male,223,41
896,Jason Nguyen,Male,308,32
897,Daniel Martinez,Male,263,28
898,Austin Williams,Male,1399,27
899,Sarah Carr,Female,2907,64
900,Jeffrey Buchanan,Male,1312,32
901,Susan Allen,Female,2138,32
902,James Kelly,Male,2663,50
903,Cody Walsh,Male,350,31
904,Lisa Ortiz,Female,2553,22
905,James Stewart,Male,1937,48
906,Victoria Tran,Female,1477,38
907,Calvin Wilkinson,Male,2072,38
908,Ronald Reeves,Male,2067,52
909,Zachary Robles,Male,1505,32
910,Terri Carter,Female,1762,31
911,Haley Knight,Female,763,40
912,Thomas Page,Male,1091,34
913,Michael Ortiz,Male,465,35
914,Yolanda Smith,Female,1323,55
915,Timothy Robertson,Male,1106,21
916,John Price,Male,2297,42
917,Joshua Mitchell,Male,2009,31
918,Melinda Levine,Female,2602,43
919,Daniel Greene,Male,112,45
920,Andrea Barnes,Female,2707,45
921,Dylan Quinn,Male,1449,46
922,Melanie Cruz,Female,1830,26
923,Michael Patrick,Male,2329,38
924,Roger Sharp,Male,1368,55
925,Sydney Howe,Female,1940,28
926,Daniel Perez,Male,624,42
927,Nichole Hicks,Female,719,52
928,Brandy Alvarez,Female,1321,38
929,Jessica Watson,Female,2238,21
930,Jacob Williams,Male,1272,21
931,Betty Stevens,Female,2405,53
932,Daniel Gonzalez,Male,33,64
933,Jill Lopez,Female,2708,43
934,Debra Soto,Female,1733,34
935,Ann Ferrell,Female,1120,33
936,Leslie Joseph,Female,2734,27
937,Johnny Richardson,Male,1977,66
938,Adam Ross,Male,2823,36
939,Keith Stanley,Male,855,56
940,Anthony Kennedy,Male,425,47
941,Joseph Johnson,Male,406,39
942,Michael Parker,Male,1457,21
943,James Romero,Male,236,41
944,James Kent,Male,1057,64
945,Billy Elliott,Male,455,30
946,Alejandro Ibarra,Male,901,52
947,Elijah Smith,Male,1510,21
948,Melissa Jones,Female,1198,43
949,Sherry Kent,Female,556,56
950,Gregory Rose,Male,2248,37
951,Tammy Durham,Female,2653,37
952,Vickie Sharp,Female,1034,35
953,Kristi Christian,Female,2750,43
954,Joshua Bates,Male,581,56
955,Michael Sosa,Male,801,29
956,John Gonzalez,Male,2202,41
957,Larry Leonard,Male,1919,45
958,Wendy Mcfarland,Female,1123,59
959,Jennifer Rodriguez,Female,2920,36
960,Donald Moore,Male,1631,59
961,Justin Charles,Male,2854,41
962,Michael Johnson,Male,1450,42
963,Fred Wright,Male,595,23
964,Kristy Walters,Female,2099,34
965,Daniel Houston,Male,2432,50
966,Catherine Bryant,Female,489,22
967,Amy Richardson,Female,1845,49
968,Kara Gilmore,Female,1284,32
969,Jennifer Krueger,Female,1471,39
970,Daniel Stone,Male,1351,35
971,Monica Jones,Female,347,50
972,Bradley Brown,Male,1014,53
973,Eric Patel,Male,1700,60
974,Craig Lopez,Male,1201,31
975,Angela Richards,Female,1493,24
976,Susan Barr,Female,337,32
977,Zachary Flores,Male,67,48
978,Megan Chase,Female,854,50
979,Cameron Jones,Male,888,32
980,Lori Pacheco,Female,1276,24
981,Erin Martinez,Female,2900,30
982,Rita Mitchell,Female,1395,41
983,Erica Patterson,Female,1060,48
984,Brandi Alvarez,Female,712,33
985,Samantha Lewis,Female,1463,48
986,Taylor Simmons,Female,1059,47
987,Kathleen Garcia,Female,2440,51
988,Lori Simpson,Female,1699,31
989,Joseph Payne,Male,1820,31
990,Jennifer Daniels,Female,1632,28
991,Stephanie Lewis,Female,2992,45
992,Tami Hill,Female,1621,47
993,Becky Young,Female,1754,49
994,Kathleen Miller,Female,1227,21
995,Abigail Hernandez,Female,113,33
996,Darren Beltran,Male,1481,43
997,Andrew Sanchez,Male,2659,51
998,Shawn Gilbert,Male,1361,43
999,Mitchell Oneal,Male,181,48
1000,Cristian Jones,Male,1524,30
1001,Michael Yates,Male,1177,21
1002,Philip Bradley,Male,2325,21
1003,Adam Mcbride,Male,1334,40
1004,Ruth Ryan,Female,225,21
1005,Cheryl Jones,Female,2092,56
1006,Juan Whitehead,Male,1985,29
1007,Richard Mack,Male,2793,49
1008,Julie West,Female,2251,39
1009,Donna Lee,Female,86,46
1010,Rebecca Jones,Female,1552,30
1011,Holly Schroeder,Female,1738,50
1012,Joshua Hill,Male,153,33
1013,Maxwell Sawyer,Male,1947,32
1014,Tammy Newton,Female,1094,54
1015,Victoria Park,Female,645,29
1016,Sandra Cardenas,Female,1760,36
1017,Robert Ross,Male,1022,60
1018,John Wright,Male,1127,27
1019,Lisa Yates,Female,1277,23
1020,Stacey Johnson,Female,2393,36
1021,Justin Edwards,Male,1277,59
1022,Lynn Merritt,Female,2335,35
1023,Margaret Foster,Female,2918,40
1024,Justin Smith,Male,1150,28
1025,Tamara Walker,Female,2744,22
1026,Michael Wilson,Male,315,50
1027,Anthony Knight,Male,1828,37
1028,Brittany Joseph,Female,1138,21
1029,William Clark,Male,555,33
1030,Jeremy Roman,Male,1624,40
1031,Sharon Serrano,Female,210,21
1032,Stacie Brown,Female,1955,40
1033,Patricia Welch,Female,1378,45
1034,Christopher Parker,Male,1759,39
1035,Charles Raymond,Male,2659,32
1036,Jonathan Spencer,Male,1005,50
1037,Steven Mcdaniel,Male,578,23
1038,Kimberly Lopez,Female,1853,43
1039,Zachary Sandoval,Male,1706,34
1040,Christopher Hamilton,Male,507,47
1041,Angela Spencer,Female,82,21
1042,Michelle Norton,Female,2259,21
1043,Amanda Rodriguez,Female,2658,34
1044,Richard Gray,Male,799,50
1045,Christina Miller,Female,1128,34
1046,Levi Reed,Male,428,48
1047,Dwayne Garza,Male,2624,44
1048,Andrew Jones,Male,1505,52
1049,Scott Weiss,Male,1789,40
1050,Ricardo Gonzalez,Male,1240,41
1051,Gregory Norris,Male,1291,55
1052,David Foster,Male,1836,55
1053,Amy Lewis,Female,390,24
1054,Antonio Powell,Male,1320,42
1055,Jennifer Newton,Female,1990,41
1056,Michael Robertson,Male,2169,59
1057,Brittany Walker,Female,1856,28
1058,Todd Bennett,Male,370,31
1059,Jennifer Brown,Female,1820,49
1060,Susan Sanders,Female,478,40
1061,Timothy Johnson,Male,813,42
1062,Angel Ryan,Female,950,40
1063,Richard Rowe,Male,1788,21
1064,Michael Bender,Male,1729,21
1065,Deborah Franco,Female,1498,49
1066,Julie Clark,Female,1524,42
1067,Sandra Mcbride,Female,2789,41
1068,Caitlin Rubio,Female,1968,30
1069,Judy Moore,Female,298,45
1070,Laura Lewis,Female,535,30
1071,Tyler Sawyer,Male,572,35
1072,Savannah Giles,Female,423,40
1073,Kenneth Johnson,Male,2574,32
1074,Sarah Vargas,Female,320,40
1075,Steven Walker,Male,472,42
1076,Robert Cook,Male,1235,37
1077,Vanessa Davis,Female,2189,32
1078,Jessica Ward,Female,1334,51
1079,Matthew Hall,Male,704,26
1080,Jose Nguyen,Male,528,21
1081,Dennis Boyd,Male,1375,40
1082,Lisa Moore,Female,99,37
1083,Tina Williams,Female,2217,32
1084,Jonathan Williams,Male,679,48
1085,Justin Harper,Male,1061,37
1086,Kelly House,Female,1167,21
1087,Mitchell Dickerson,Male,2719,21
1088,Franklin Cummings,Male,1838,40
1089,Kathryn Patrick,Female,2794,43
1090,Aaron Estrada,Male,2797,30
1091,Amber Wagner,Female,1486,35
1092,Ryan Paul,Male,1970,34
1093,Karen Boyer,Female,1248,36
1094,Alexander Lin,Male,36,43
1095,Terry Andrews,Female,233,40
1096,Charles Haley,Male,1891,53
1097,Kathleen Clark,Female,1442,44
1098,Rebecca Riley,Female,2951,37
1099,Jeffrey Mendoza,Male,1980,62
1100,John Garcia,Male,2305,34
1101,Shelby Powers,Female,2213,58
1102,Maria Spencer,Female,2052,23
1103,Jamie Mccormick,Female,1506,40
1104,Robert Ewing,Male,443,61
1105,Robert Roberts,Male,1220,47
1106,Jennifer Maxwell,Female,430,46
1107,Joshua Anderson,Male,2308,59
1108,Tina Hanson,Female,2258,66
1109,Zachary Sanchez,Male,1094,35
1110,Tamara Wu,Female,458,40
1111,Lori Thompson,Female,1600,36
1112,Daniel Montgomery,Male,1087,42
1113,Ashlee Evans,Female,1650,35
1114,Christina Mitchell,Female,1893,28
1115,Tony Walker,Male,1731,30
1116,Michelle Smith,Female,344,31
1117,Charles Harrington,Male,1876,29
1118,Matthew Mcclain,Male,2701,70
1119,Tiffany Martin,Female,1208,40
1120,Ian Rodriguez,Male,2431,29
1121,Paul Ware,Male,2754,38
1122,Keith Hoffman,Male,2910,23
1123,Whitney Bishop,Female,954,36
1124,Jonathan Hess,Male,1774,50
1125,Kristy Lopez,Female,809,51
1126,Amber Herrera,Female,2974,37
1127,Lisa Nunez,Female,87,43
1128,Amber Dawson,Female,2402,58
1129,Chelsea Hammond,Female,2995,69
1130,John Roberts,Male,866,24
1131,Natasha Snyder,Female,1763,54
1132,Shannon Morgan,Female,192,35
1133,Shane Benitez,Male,2747,62
1134,Amy Hodge,Female,279,34
1135,Catherine Cook,Female,691,56
1136,Jason Green,Male,1316,54
1137,Christopher Chang,Male,462,52
1138,April Ellis,Female,590,26
1139,Shannon Wallace,Female,2969,40
1140,Jenna Murphy,Female,158,29
1141,Alyssa Harrington,Female,613,51
1142,Robin Lara,Female,1756,49
1143,Keith Johnson,Male,1776,25
1144,Christopher Hunt,Male,1672,30
1145,David Bell,Male,246,29
1146,Angela Bryant,Female,2325,45
1147,John Bolton,Male,1591,34
1148,Brandon Moss,Male,223,39
1149,Amanda Nguyen,Female,2908,31
1150,Gilbert Burch,Male,1499,47
1151,Paul Russell,Male,1823,45
1152,Christopher Johnson,Male,1925,46
1153,Richard Smith,Male,241,26
1154,Bobby Nguyen,Male,971,34
1155,Ryan Newman,Male,1282,50
1156,Timothy Yang,Male,1635,21
1157,Rachel Elliott,Female,2352,45
1158,Mary Eaton,Female,1273,33
1159,Derrick Kelley,Male,389,43
1160,Benjamin Mullins,Male,2346,21
1161,Jaime Gilbert,Female,939,50
1162,Jeffrey Jones,Male,2869,43
1163,Kristy Patrick,Female,2204,38
1164,Rhonda Durham,Female,947,40
1165,Michelle Tate,Female,1340,48
1166,Devin Warren,Male,552,44
1167,Keith Brown,Male,147,29
1168,Elizabeth Gonzales,Female,131,50
1169,Vincent Turner,Male,2302,27
1170,George Jones,Male,1276,40
1171,Mary Cole,Female,100,58
1172,Nicole Jefferson,Female,2758,50
1173,Katie Bush,Female,303,37
1174,Robert Hunt,Male,2553,31
1175,Jodi Bryant,Female,181,56
1176,Felicia Scott,Female,816,40
1177,Tanner Peterson,Male,2391,39
1178,Linda Scott,Female,684,28
1179,Erica Martinez,Female,2178,55
1180,Bruce Clark,Male,1302,69
1181,Joanna Wilson,Female,976,44
1182,Tammy Herring,Female,386,24
1183,Tabitha Martin,Female,1446,68
1184,Jason Smith,Male,702,48
1185,Jason Mcclain,Male,597,42
1186,Jonathan Johnson,Male,443,34
1187,Alexander Buck,Male,2330,37
1188,Sandra Perez,Female,1179,37
1189,Leslie Horton,Female,1166,37
1190,Tina Rice,Female,681,57
1191,Michele Stevenson,Female,1273,28
1192,Stephanie Moore,Female,1141,22
1193,Ronald Garcia,Male,2672,31
1194,Mark Oliver,Male,49,46
1195,Christopher Hernandez,Male,758,40
1196,Martha Carroll,Female,1061,26
1197,Brenda Love,Female,2198,40
1198,Steven Williams,Male,144,21
1199,Timothy Washington,Male,705,21
1200,Jessica Crosby,Female,795,38
1201,Douglas Lynch,Male,857,34
1202,Jesse Bates,Male,277,34
1203,Wesley Calhoun,Male,1983,21
1204,Pamela Escobar,Female,1567,64
1205,Julie Hill,Female,2762,47
1206,Rachel Jones,Female,1512,29
1207,Destiny Johnson,Female,2062,62
1208,Rachael Thomas,Female,2606,59
1209,John Collins,Male,993,67
1210,Sabrina Sharp,Female,1558,25
1211,Diane James,Female,760,57
1212,Adam Jackson,Male,969,38
1213,James Johnson,Male,778,42
1214,Kristen Reyes,Female,539,44
1215,Paula Welch,Female,1634,44
1216,Mary Henry,Female,478,32
1217,Vincent Marks,Male,2472,22
1218,Victoria Ramirez,Female,2349,58
1219,Kyle Chen,Male,2690,37
1220,Kevin Welch,Male,2505,41
1221,Christopher Lara,Male,1985,57
1222,Cindy Marshall,Female,2044,32
1223,Amber Shepard,Female,417,30
1224,David Singh,Male,1502,39
1225,John Morales,Male,738,38
1226,Daniel Rogers,Male,1124,42
1227,Oscar Pollard,Male,2696,39
1228,Tina Owens,Female,665,49
1229,Jessica Goodwin,Female,2856,27
1230,Charles Mason,Male,1317,34
1231,Taylor Leon,Female,1979,49
1232,Joseph Perez,Male,1958,46
1233,Oscar Valentine,Male,2369,70
1234,Matthew Eaton,Male,2908,27
1235,Shawn Edwards,Male,820,42
1236,Bradley Young,Male,210,36
1237,Michael Jones,Male,2920,29
1238,Travis Hayes,Male,904,53
1239,Jesse Morgan,Male,1650,41
1240,Angela White,Female,771,54
1241,Blake Mitchell,Male,1805,35
1242,Michael Lozano,Male,488,45
1243,John Herrera,Male,277,47
1244,Jessica Clay,Female,2861,21
1245,Donald Gilmore,Male,347,35
1246,Kimberly Fuller,Female,2353,44
1247,Erika Anderson,Female,1211,21
1248,Amanda Romero,Female,994,29
1249,John Hughes,Male,2295,24
1250,Douglas Jones,Male,840,40
1251,Sherri Mayer,Female,296,70
1252,Frank Barrett,Male,924,46
1253,Amanda Faulkner,Female,726,26
1254,Jeffrey Mcmillan,Male,527,37
1255,Jessica Juarez,Female,1839,38
1256,Gabriela Tate,Female,1274,46
1257,Jaclyn Mullins,Female,2438,44
1258,Robert Monroe,Male,2129,29
1259,Brian Brewer,Male,31,21
1260,Erik Richardson,Male,1023,46
1261,Michael Harvey,Male,828,50
1262,Victoria Lang,Female,2879,32
1263,Robert Lopez,Male,945,39
1264,Tristan Smith,Male,160,38
1265,Steven Martin,Male,1773,42
1266,Mark Reese,Male,2052,49
1267,Christina Noble,Female,1084,31
1268,Melissa Waller,Female,1855,54
1269,Andrew Myers,Male,2814,21
1270,Kyle Shah,Male,2208,22
1271,James Hunt,Male,111,60
1272,Allison Johnson,Female,112,32
1273,Neil Gardner,Male,2089,31
1274,Christopher Campbell,Male,2012,33
1275,Brooke Brown,Female,1276,48
1276,Andres Butler,Male,1903,29
1277,Kristy Lee,Female,2710,54
1278,Angela Hogan,Female,1172,46
1279,Harold Smith,Male,251,34
1280,Gregory Todd,Male,42,44
1281,Jonathon George,Male,782,37
1282,Stanley Harris,Male,528,35
1283,Patricia Allen,Female,634,51
1284,Gary Smith,Male,1398,63
1285,Nancy Morrison,Female,2874,38
1286,Donna Nguyen,Female,1020,27
1287,Tyler Gallegos,Male,2068,67
1288,Lisa Watkins,Female,1953,48
1289,Joseph Watson,Male,1075,36
1290,James Greene,Male,2903,53
1291,James Stokes,Male,1796,50
1292,Ashley Moore,Female,1886,30
1293,Alexander Rodriguez,Male,1403,47
1294,Katelyn Sherman,Female,1191,47
1295,Gabriel Serrano,Male,2144,38
1296,James Gallagher,Male,2690,46
1297,Frank Fisher,Male,1695,44
1298,John Golden,Male,1802,65
1299,Sara Chen,Female,278,21
1300,Blake Foster,Male,1980,21
1301,Kathy Harrison,Female,643,52
1302,Dustin Donaldson,Male,958,35
1303,Angela Ortega,Female,1360,69
1304,Richard Robinson,Male,2911,29
1305,Nicole Welch,Female,1943,42
1306,Valerie Jordan,Female,2693,25
1307,Roberta Simon,Female,79,47
1308,Angel Campos,Female,1054,70
1309,Kyle Hebert,Male,2107,47
1310,Bernard Sweeney,Male,1993,65
1311,Eric Hicks,Male,2799,52
1312,Brian Huffman,Male,2991,32
1313,Joshua Jones,Male,2933,21
1314,Bradley Harvey,Male,2307,58
1315,Ashley Santiago,Female,9,46
1316,Angela Kelly,Female,618,37
1317,Tyrone Mendez,Male,1618,23
1318,Terry Forbes,Female,2936,48
1319,Stephen Hamilton,Male,437,56
1320,Jill Stark,Female,453,65
1321,Jessica Castillo,Female,673,46
1322,Eric Pitts,Male,1468,26
1323,Thomas Perkins,Male,2716,38
1324,Matthew Simpson,Male,598,46
1325,Jason Baker,Male,2362,39
1326,Annette Soto,Female,1050,33
1327,Alexandra Wagner,Female,2134,39
1328,Heather Chambers,Female,717,30
1329,Alexander Martin,Male,903,34
1330,Rebecca Velasquez,Female,2380,42
1331,Neil Villegas,Male,1287,39
1332,Jonathan Wilcox,Male,440,21
1333,Julie Martinez,Female,490,35
1334,Jason Ochoa,Male,2168,70
1335,Mario Martinez,Male,1130,32
1336,Brenda Gray,Female,1256,51
1337,Peter Sims,Male,899,41
1338,Charles Gonzalez,Male,1148,28
1339,Megan Walton,Female,568,35
1340,Kevin Alexander,Male,2279,57
1341,Rachel Ramirez,Female,240,42
1342,Susan Wyatt,Female,2252,30
1343,Heather Mccoy,Female,421,35
1344,Logan Fowler,Male,1607,44
1345,Kelsey Holland,Female,2209,43
1346,Monica Harris,Female,2040,57
1347,Rebecca Blackburn,Female,725,43
1348,Meagan Murphy,Female,1067,65
1349,Paul Thornton,Male,2991,32
1350,Caleb Jacobson,Male,2457,49
1351,Leslie White,Female,1637,31
1352,David Shaw,Male,309,40
1353,Carol Terry,Female,1247,31
1354,Kenneth Booker,Male,1178,43
1355,Cynthia Wood,Female,246,36
1356,Gary Dougherty,Male,494,59
1357,Frank Brown,Male,946,27
1358,Shawna Rivera,Female,1399,56
1359,Brandon Goodwin,Male,2935,47
1360,Jaime Zimmerman,Female,263,46
1361,Anthony Lewis,Male,2633,34
1362,John Owen,Male,800,41
1363,Kimberly Beasley,Female,2408,36
1364,Brian Pittman,Male,2282,32
1365,Debra Olson,Female,2485,41
1366,Jon Guerra,Male,976,32
1367,Rhonda Ross,Female,51,51
1368,Robert Norris,Male,1613,50
1369,Michelle Medina,Female,724,31
1370,Victor Harris,Male,479,44
1371,Russell Benjamin,Male,1690,28
1372,Christopher Campbell,Male,550,29
1373,Lisa Vargas,Female,1614,68
1374,Sophia Ross,Female,691,21
1375,Kathryn Krueger,Female,841,32
1376,Erica Carter,Female,1749,31
1377,Mary Logan,Female,2955,37
1378,William Manning,Male,2852,21
1379,Sara Peterson,Female,1882,46
1380,Andrea Chapman,Female,409,40
1381,Jennifer Martin,Female,536,48
1382,Sean Hughes,Male,1956,47
1383,Gregory Armstrong,Male,2221,26
1384,William Robertson,Male,1147,21
1385,Amber Horton,Female,2166,53
1386,Melissa Costa,Female,1983,52
1387,Jennifer West,Female,1125,36
1388,Carl Harvey,Male,2309,33
1389,Sara Oliver,Female,2658,38
1390,Stacie Lewis,Female,2977,35
1391,Matthew Costa,Male,2802,36
1392,Heidi Monroe,Female,1520,51
1393,Adam Hill,Male,1972,33
1394,Michael Frazier,Male,34,36
1395,Amber Walker,Female,1226,39
1396,Sarah Garcia,Female,264,56
1397,Dale Adams,Male,1575,48
1398,Samantha Howell,Female,150,29
1399,John Spencer,Male,1744,39
1400,Jennifer Jones,Female,2557,30
1401,Brandon Jacobs,Male,2558,32
1402,Susan Hughes,Female,1770,31
1403,Louis Stevenson,Male,261,21
1404,Thomas Baker,Male,2867,35
1405,Jean Turner,Female,481,35
1406,Jonathan Patterson,Male,1512,41
1407,Brittney Smith,Female,1103,46
1408,Anthony Thomas,Male,305,48
1409,Audrey Griffin,Female,368,30
1410,Jeffrey Martin,Male,2290,32
1411,David Rivera,Male,2129,34
1412,Billy Vasquez,Male,1697,31
1413,Tyler Miller,Male,2118,42
1414,William Jones,Male,250,45
1415,Jocelyn Cummings,Female,140,41
1416,Colin Cruz,Male,1642,30
1417,Todd Bell,Male,2759,35
1418,Manuel Wilson,Male,1511,46
1419,Thomas Smith,Male,1516,44
1420,Henry Neal,Male,2016,40
1421,Richard Rogers,Male,1423,32
1422,Jeanne Andrews,Female,323,29
1423,Ashley Boyd,Female,851,66
1424,Evan Smith,Male,2030,39
1425,Nathan Johnson,Male,1921,58
1426,Laura Austin,Female,666,49
1427,Michael Dean,Male,1221,33
1428,Christy Ellison,Female,2068,21
1429,Nancy Johnson,Female,2524,33
1430,Kenneth Clarke,Male,303,21
1431,Calvin Thomas,Male,2402,40
1432,Amber Medina,Female,566,34
1433,Kelly Moore,Female,540,43
1434,Kathleen Turner,Female,1684,26
1435,Harold Floyd,Male,1220,38
1436,Curtis Richardson,Male,2565,29
1437,Aaron Mata,Male,516,35
1438,Christopher Clark,Male,2046,50
1439,Cynthia Garrett,Female,198,47
1440,Joshua Matthews,Male,420,37
1441,Ashley Gibson,Female,2988,27
1442,Elizabeth Smith,Female,372,45
1443,Jennifer Mcbride,Female,963,61
1444,Cynthia Ryan,Female,445,54
1445,Steven Silva,Male,2780,28
1446,Corey Hernandez,Male,629,34
1447,Tina Rodriguez,Female,1766,24
1448,Jody King,Female,1503,58
1449,Sydney Suarez,Female,1689,33
1450,Drew Lynch,Male,311,47
1451,Judith Humphrey,Female,171,50
1452,Amber Holmes,Female,2268,61
1453,Craig Hoffman,Male,409,43
1454,Mary Butler,Female,524,21
1455,Amy Hayes,Female,69,31
1456,Phillip Holland,Male,2432,36
1457,Charles Moore,Male,906,47
1458,Diana Bond,Female,442,38
1459,Caleb Holland,Male,1850,39
1460,Mary Gonzales,Female,1919,37
1461,Robert Taylor,Male,1919,47
1462,Mike Rodriguez,Male,499,47
1463,Taylor Blankenship,Female,1668,41
1464,David Matthews,Male,1536,53
1465,Paul Alvarez,Male,1817,27
1466,Nicholas Davis,Male,20,43
1467,Julie Smith,Female,2495,31
1468,Ronnie Weber,Male,2178,55
1469,Claudia Turner,Female,2194,28
1470,Craig West,Male,1355,30
1471,Ashley Reese,Female,1857,36
1472,Janice Ward,Female,870,51
1473,Sara Decker,Female,858,36
1474,Emily Castro,Female,387,51
1475,Alison Wilson,Female,193,29
1476,Erin Briggs,Female,508,63
1477,Traci Baker,Female,198,51
1478,Dakota Oconnell,Male,2005,52
1479,Jennifer Benton,Female,459,21
1480,Heather Cruz,Female,911,23
1481,Stephanie Vazquez,Female,1043,60
1482,Brianna Pruitt,Female,1025,53
1483,Ana Flynn,Female,2087,44
1484,Zachary Bennett,Male,2261,32
1485,Adam Thompson,Male,1986,27
1486,Katrina Leon,Female,1080,21
1487,James Scott,Male,2122,47
1488,Cynthia Small,Female,656,21
1489,Michael Allison,Male,241,53
1490,John Powell,Male,2154,47
1491,Melanie Smith,Female,2163,41
1492,Carol Myers,Female,2467,44
1493,Lawrence Sosa,Male,1995,54
1494,Jerry Carter,Male,147,37
1495,Bruce Chan,Male,1068,51
1496,Donald Peterson,Male,2471,47
1497,Amanda Collins,Female,2765,38
1498,Angela Roberts,Female,2996,45
1499,Alice Vazquez,Female,2860,32
1500,Cameron Dominguez,Male,2381,44
1501,Michael Mcdaniel,Male,2693,43
1502,Joshua Hancock,Male,144,37
1503,Jose Mccarthy,Male,1494,53
1504,Stanley Russell,Male,2476,52
1505,Tracey Cole,Female,324,53
1506,Emily Moore,Female,1616,21
1507,Donna Levy,Female,1820,42
1508,Gary Robinson,Male,1973,30
1509,Jennifer Williams,Female,2492,36
1510,Jennifer Warren,Female,1974,25
1511,Adam Vargas,Male,831,33
1512,Jerry Cook,Male,201,35
1513,Ashley Palmer,Female,33,27
1514,Debra Stevens,Female,2443,44
1515,James Reynolds,Male,1601,35
1516,Harry Brooks,Male,2307,55
1517,Anthony Cooper,Male,2763,59
1518,Katrina Bell,Female,1913,37
1519,Alec Browning,Male,1259,35
1520,Daniel Townsend,Male,2266,43
1521,Robert Nelson,Male,808,37
1522,Michael Davis,Male,2343,32
1523,Evan Gomez,Male,1351,50
1524,Shelly Miller,Female,2145,54
1525,Suzanne Maxwell,Female,1097,38
1526,Erica Page,Female,1573,35
1527,Paul Pacheco,Male,2903,46
1528,Robert Robinson,Male,2290,44
1529,Morgan Garcia,Female,2042,44
1530,John Patterson,Male,2233,48
1531,Marissa Kelly,Female,350,26
1532,Rita Harvey,Female,1653,58
1533,Brittany Richards,Female,655,46
1534,Jonathan Quinn,Male,2756,31
1535,David Ruiz,Male,168,32
1536,Jeremy Evans,Male,930,45
1537,Paul Savage,Male,2302,40
1538,Kimberly Garcia,Female,22,38
1539,Daniel Diaz,Male,1769,35
1540,Kathryn Berger,Female,1727,58
1541,Nicholas Thomas,Male,2408,40
1542,David Lewis,Male,2150,51
1543,Kyle Malone,Male,431,38
1544,Eddie Roman,Male,2525,52
1545,Jessica Campbell,Female,315,35
1546,Joshua Jacobs,Male,1965,42
1547,Katie Hawkins,Female,1630,50
1548,Angela Hart,Female,1061,54
1549,Maria Jimenez,Female,637,46
1550,Megan Sutton,Female,1364,45
1551,Heather Smith,Female,2351,40
1552,Michelle Schmitt,Female,1050,41
1553,Patricia Oneill,Female,1554,34
1554,Jasmine Coffey,Female,2415,28
1555,Darrell White,Male,1954,43
1556,Christopher Armstrong,Male,951,39
1557,Scott Watson,Male,2574,52
1558,Stephen Tate,Male,2202,65
1559,Amber Thomas,Female,1414,37
1560,Matthew Sanchez,Male,238,21
1561,Kathleen Ayers,Female,2446,70
1562,Richard Peterson,Male,2579,25
1563,Steven Brown,Male,1333,25
1564,John Duncan,Male,372,35
1565,Brian Watkins,Male,1199,45
1566,Daniel Hernandez,Male,900,32
1567,Robert Powers,Male,2865,61
1568,Rachel Miller,Female,2987,38
1569,James Miller,Male,681,59
1570,Justin Moore,Male,96,33
1571,Michelle Clarke,Female,1297,27
1572,Todd Greene,Male,2783,43
1573,Laura Davis,Female,470,21
1574,Sara Edwards,Female,1852,46
1575,Donald Novak,Male,1322,56
1576,Ryan Joyce,Male,1406,55
1577,Darlene Villarreal,Female,1761,21
1578,Nicholas Smith,Male,505,52
1579,Ryan Hicks,Male,1066,49
1580,Leah Patel,Female,1793,32
1581,Alexander Larson,Male,2649,21
1582,Jason Thompson,Male,2876,28
1583,Michelle Moore,Female,2454,47
1584,Tracy Ayala,Male,1453,63
1585,Shelia Chavez,Female,1466,30
1586,Angelica Bailey,Female,1303,43
1587,Nicole York,Female,220,30
1588,Nicholas Johnston,Male,2636,48
1589,Alex Davis,Male,2299,34
1590,William Herrera,Male,2782,23
1591,Sarah Munoz,Female,204,39
1592,Ricky Mitchell,Male,1879,30
1593,Jason Ferguson,Male,2689,32
1594,Nicole Pugh,Female,115,37
1595,Teresa Alexander,Female,153,43
1596,Shelby Cochran,Female,1513,44
1597,Nicole Johnson,Female,2839,51
1598,Joshua Bond,Male,556,54
1599,Robert Sullivan,Male,2514,24
1600,Sean Ward,Male,85,59
1601,Nancy Medina,Female,337,31
1602,Veronica Wilson,Female,1411,48
1603,Dustin Hernandez,Male,1699,27
1604,Kristina Anderson,Female,2201,53
1605,Brad Harmon,Male,2241,45
1606,Amy Lane,Female,2609,55
1607,Anthony King,Male,2809,50
1608,Richard Carlson,Male,1522,41
1609,Gloria Bright,Female,1008,53
1610,Randall Randall,Male,1289,64
1611,Jennifer Evans,Female,502,51
1612,John Winters,Male,2109,34
1613,Cynthia Yang,Female,1429,30
1614,Gail Fox,Female,1155,28
1615,Leslie Huynh,Female,865,21
1616,Michael Gomez,Male,2813,57
1617,Robert Wade,Male,1061,50
1618,Patricia Morris,Female,2997,21
1619,Jennifer Palmer,Female,2547,44
1620,Jo Benson,Female,568,45
1621,Charles Cruz,Male,2523,42
1622,Roberto King,Male,1123,42
1623,George Bennett,Male,886,63
1624,Cynthia Barron,Female,1831,64
1625,Ashley Stephens,Female,2655,26
1626,Jose Cole,Male,793,29
1627,Matthew Jackson,Male,566,30
1628,Wendy Wilson,Female,324,31
1629,Erica Glass,Female,2787,35
1630,Maurice Murphy,Male,302,40
1631,Andrew Moore,Male,1943,30
1632,John Moreno,Male,435,38
1633,Kathryn White,Female,1705,48
1634,Eric Taylor,Male,943,55
1635,Maria Zhang,Female,818,33
1636,Kristen Thomas,Female,2080,34
1637,Jessica Nelson,Female,460,38
1638,William Ward,Male,72,26
1639,Dwayne Gardner,Male,36,28
1640,Carolyn Cannon,Female,93,40
1641,Rick Brown,Male,2622,38
1642,Catherine Sanchez,Female,1167,35
1643,Justin White,Male,1986,54
1644,Brendan Williams,Male,717,42
1645,Corey Cunningham,Male,453,38
1646,Kelsey Burgess,Female,1603,51
1647,Anthony Holder,Male,1838,37
1648,Samantha Olson,Female,2131,60
1649,Kimberly Anderson,Female,1876,40
1650,Adriana Wong,Female,136,45
1651,Daniel Smith,Male,1158,43
1652,Kara Nicholson,Female,1114,43
1653,Daniel Freeman,Male,2862,35
1654,Dakota Case,Male,2029,45
1655,Sheila Case,Female,739,42
1656,Douglas Salinas,Male,939,45
1657,Kelly King,Female,2116,56
1658,Kevin Miller,Male,1237,38
1659,Justin Reynolds,Male,2092,39
1660,Travis Thompson,Male,610,62
1661,Timothy Smith,Male,15,21
1662,Raymond King,Male,526,39
1663,Douglas Cruz,Male,1434,32
1664,Gregory Perez,Male,540,37
1665,Robin Phillips,Female,302,48
1666,Cynthia Holmes,Female,1330,21
1667,Brandon Turner,Male,642,39
1668,Janet Taylor,Female,748,37
1669,Rachel Baldwin,Female,966,39
1670,Robert Hatfield,Male,2126,25
1671,Mariah Williams,Female,2483,21
1672,Amanda Palmer,Female,2711,51
1673,Suzanne Myers,Female,2208,44
1674,Nancy Douglas,Female,2849,61
1675,Stephen Walker,Male,2452,45
1676,Micheal Parks,Male,614,37
1677,Christopher Richardson,Male,1867,48
1678,Benjamin Anderson,Male,1470,47
1679,Monica Martinez,Female,2231,49
1680,Patricia Martinez,Female,944,65
1681,Morgan Fischer,Female,31,42
1682,John Price,Male,131,61
1683,Susan Nguyen,Female,2488,21
1684,Michael Burton,Male,1522,41
1685,Darrell Anderson,Male,2266,49
1686,Brett Moore,Male,1380,62
1687,Joseph Young,Male,2072,33
1688,Brian Reynolds,Male,2299,37
1689,Anthony Rose,Male,1437,28
1690,Louis Brown,Male,385,49
1691,Melissa Stanton,Female,723,32
1692,Steven Cole,Male,2399,54
1693,Laura Moody,Female,2915,21
1694,Sandra Rivas,Female,2710,25
1695,Gabrielle Ray,Female,1554,55
1696,Jeffrey Powell,Male,555,40
1697,Roberta Le,Female,1588,44
1698,Mary Pittman,Female,362,21
1699,Jon Mcdonald,Male,2781,30
1700,Melissa Williams,Female,2553,35
1701,Jon Gray,Male,226,53
1702,Monica Cohen,Female,1924,38
1703,Darrell Daugherty,Male,1002,49
1704,Joseph Castillo,Male,2986,42
1705,Paul Wright,Male,255,29
1706,Rachel Vargas,Female,149,44
1707,Alicia Atkins,Female,2782,37
1708,Kristin Davis,Female,1793,30
1709,Ann Webster,Female,559,54
1710,Christina Mills,Female,332,36
1711,John Ramsey,Male,2188,40
1712,Abigail Rangel,Female,1032,50
1713,Alex Stone,Male,900,42
1714,Jacqueline Bowman,Female,2988,31
1715,Stacey Lopez,Female,948,21
1716,Lisa Bell,Female,964,35
1717,Lisa Nunez,Female,833,28
1718,Elijah Peters,Male,193,50
1719,Daniel Carson,Male,2346,35
1720,Monique Romero,Female,124,21
1721,Summer Williams,Female,898,56
1722,Monique Michael,Female,756,22
1723,Lacey Cole,Female,2505,33
1724,Teresa Stewart,Female,1337,35
1725,Joseph Suarez,Male,381,36
1726,David Fitzgerald,Male,2595,52
1727,Amy Jones,Female,1998,31
1728,Alexandra Miller,Female,2690,44
1729,Stacy Miller,Female,1169,24
1730,Elizabeth Cole,Female,86,55
1731,Wayne Perry,Male,2890,52
1732,Joseph Gonzalez,Male,2871,41
1733,Michelle Stout,Female,1504,39
1734,Deborah Pena,Female,2681,44
1735,Carmen Grant,Female,2194,37
1736,Douglas Richardson,Male,2505,31
1737,Kristen Hernandez,Female,1224,40
1738,Todd Obrien,Male,1043,48
1739,Raymond Brooks,Male,6,45
1740,Katelyn Ray,Female,1075,44
1741,Patricia Bryant,Female,2331,61
1742,Christine Bridges,Female,1189,31
1743,Holly Hill,Female,502,30
1744,Cynthia Miller,Female,564,32
1745,Michele Parsons,Female,1656,41
1746,Jill Osborn,Female,2764,55
1747,Emily Barry,Female,991,34
1748,Michael Hernandez,Male,2400,38
1749,Sharon Bowman,Female,2955,44
1750,Stacy Brady,Female,2205,31
1751,Stanley Evans,Male,620,25
1752,Elizabeth Davis,Female,777,27
1753,Tommy Gomez,Male,1094,29
1754,Logan Blair,Male,2365,51
1755,Bradley Hardy,Male,2641,23
1756,Jeremy Thomas,Male,1503,29
1757,Robert Hernandez,Male,1372,29
1758,Justin Landry,Male,2967,43
1759,David Johnson,Male,700,30
1760,Shannon Meyers,Female,657,21
1761,Kenneth Bass,Male,2930,54
1762,Joshua Mills,Male,1926,35
1763,James Bond,Male,1018,42
1764,Laurie Moran,Female,878,44
1765,Zachary Fletcher,Male,2811,53
1766,Diana Lee,Female,1875,48
1767,Jonathan Hooper,Male,1279,28
1768,Benjamin Davenport,Male,2394,48
1769,James Garcia,Male,516,41
1770,Ashley Lambert,Female,1912,36
1771,Joshua Mccarthy,Male,2503,43
1772,Christopher Walter,Male,83,37
1773,Jennifer Jones,Female,2696,22
1774,Phillip Mosley,Male,1960,52
1775,Kylie Webster,Female,1011,48
1776,Keith Blake,Male,2475,26
1777,Brian Schultz,Male,1984,54
1778,Jessica King,Female,2095,60
1779,Nicole Adkins,Female,2388,28
1780,Christine Alexander,Female,62,45
1781,Cheryl Alvarez,Female,2962,37
1782,Robert Williams,Male,2297,51
1783,Kayla Torres,Female,2875,39
1784,Lauren Foster,Female,1894,49
1785,Leah Price,Female,1128,29
1786,Erica Garrett,Female,1238,43
1787,Sara Thornton,Female,401,25
1788,Jonathan Blair,Male,2477,21
1789,Yesenia Hebert,Female,2578,38
1790,James Jenkins,Male,2438,61
1791,Christopher Bush,Male,1600,40
1792,Brittany Jackson,Female,2123,52
1793,Sylvia Howell,Female,1339,39
1794,David Bullock,Male,1432,43
1795,Chad Thomas,Male,2309,48
1796,Amber Johnson,Female,517,40
1797,Elizabeth Hansen,Female,200,21
1798,Nathan Hartman,Male,1547,43
1799,Susan Miller,Female,2195,21
1800,Regina Ward,Female,668,66
1801,Timothy Weiss,Male,1771,48
1802,Desiree Johnson,Female,1707,41
1803,Joseph Martinez,Male,58,44
1804,John Franklin,Male,393,51
1805,William Anderson,Male,2337,48
1806,Cameron Reyes,Male,2796,47
1807,Jamie Williams,Female,1926,39
1808,Julie Jackson,Female,33,38
1809,Andrew Snyder,Male,1235,37
1810,Carolyn Hicks,Female,127,38
1811,Samantha Farmer,Female,1407,25
1812,Kristy Tran,Female,536,45
1813,David Nolan,Male,787,48
1814,Carla Garcia,Female,1133,50
1815,Jessica Lee,Female,1472,52
1816,Melissa Hunter,Female,2537,28
1817,Jessica Zhang,Female,1875,29
1818,Donald Smith,Male,1290,44
1819,Jeffrey Payne,Male,2255,37
1820,Adam Fernandez,Male,71,35
1821,Alan Mills,Male,1739,49
1822,Mckenzie Williams,Female,393,60
1823,Pamela Cordova,Female,2837,47
1824,Anthony Lane,Male,2895,44
1825,Lance Garner,Male,677,26
1826,Craig Hoover,Male,1259,26
1827,Jennifer Massey,Female,2352,23
1828,Jacqueline Zamora,Female,108,54
1829,Amanda Farmer,Female,906,33
1830,Daniel Spence,Male,713,48
1831,Leroy Nguyen,Male,2916,55
1832,Lisa Gonzalez,Female,1355,48
1833,Michelle Zavala,Female,964,21
1834,Heather Roberts,Female,885,54
1835,Breanna English,Female,426,36
1836,Thomas Walker,Male,306,24
1837,Brianna Webb,Female,2180,44
1838,Nancy Rodriguez,Female,1255,45
1839,Johnny Hunt,Male,2973,54
1840,Heather Gill,Female,1066,30
1841,Pamela Jackson,Female,2493,44
1842,Paul Mills,Male,1579,29
1843,Sarah Pennington,Female,2300,57
1844,Kenneth Hampton,Male,1150,35
1845,Amber Mosley,Female,571,32
1846,Bruce Blackwell,Male,2112,26
1847,Holly Schaefer,Female,2779,21
1848,Sheila Parker,Female,73,40
1849,Eileen White,Female,86,32
1850,Renee Kelly,Female,1518,36
1851,John Thomas,Male,376,45
1852,Charles Thompson,Male,1498,34
1853,Renee Hampton,Female,934,40
1854,Teresa Gordon,Female,1782,30
1855,Shelby White,Female,1523,39
1856,Kelsey Sims,Female,1794,43
1857,Catherine Arias,Female,1864,28
1858,Michael Jackson,Male,2569,63
1859,Michael Charles,Male,975,57
1860,Dave Lewis,Male,1667,43
1861,Daniel Peterson,Male,1421,43
1862,Danielle Jimenez,Female,1096,25
1863,Trevor Miller,Male,1677,26
1864,Peter Gilbert,Male,301,42
1865,Alicia Shea,Female,2696,30
1866,Jason Tate,Male,801,32
1867,Joseph Carney,Male,1225,47
1868,Jason Ritter,Male,2827,21
1869,Vanessa Sims,Female,1098,57
1870,Robert Morris,Male,2731,44
1871,Aaron Orr,Male,311,60
1872,Ryan Wallace,Male,2237,28
1873,William Roman,Male,1856,35
1874,Jesus Wade,Male,396,49
1875,Krista Martin,Female,880,30
1876,Melissa Moore,Female,196,64
1877,Jeffrey Johnson,Male,2565,40
1878,Rachel Hayes,Female,2693,32
1879,Janice Bridges,Female,1883,31
1880,Kayla Graves,Female,75,29
1881,Paul Newman,Male,1067,32
1882,Cody Lopez,Male,2832,27
1883,Andrew Gibson,Male,1677,38
1884,Taylor Martinez,Female,1573,47
1885,Corey Herrera,Male,72,66
1886,Mary Garcia,Female,731,50
1887,Joseph Ross,Male,275,70
1888,Joshua Phillips,Male,2204,41
1889,John Myers,Male,1305,42
1890,Julian Shaw,Male,984,30
1891,Amy Elliott,Female,361,35
1892,Joseph Mason,Male,134,41
1893,Courtney Welch,Female,289,37
1894,Jamie Phillips,Female,2755,32
1895,Deanna Klein,Female,106,48
1896,Mark Clark,Male,1107,41
1897,Joseph Garcia,Male,1000,37
1898,Jennifer Anderson,Female,927,29
1899,Trevor Colon,Male,2030,49
1900,Natalie Anderson,Female,1665,48
1901,Timothy Taylor,Male,2428,40
1902,Lindsay Scott,Female,1037,37
1903,Nicole Williams,Female,756,21
1904,Susan Turner,Female,701,37
1905,Carolyn Tate,Female,1341,38
1906,Brad Ramirez,Male,757,54
1907,Lori Lee,Female,2836,52
1908,Lisa Ortega,Female,14,44
1909,Alexander Arnold,Male,699,29
1910,David Little,Male,2269,45
1911,Brandon Weaver,Male,994,48
1912,Stacie Peters,Female,823,42
1913,Audrey Jordan,Female,1352,58
1914,William Hernandez,Male,2636,43
1915,Katie Flores,Female,2333,38
1916,Natasha Richardson,Female,2017,36
1917,Megan Marquez,Female,2862,41
1918,Collin Morgan,Male,571,49
1919,Vincent Warren,Male,2771,49
1920,Todd Blair,Male,2921,57
1921,Kristin Phillips,Female,212,42
1922,Haley Anderson,Female,1141,41
1923,Elizabeth Mullen,Female,2196,30
1924,Danielle Schroeder,Female,485,48
1925,Jacob Miller,Male,2266,41
1926,James Hopkins,Male,1349,50
1927,Angela King,Female,520,36
1928,Felicia Kelley,Female,2713,65
1929,Jeffrey Hubbard,Male,2985,54
1930,Cheryl Villa,Female,2735,42
1931,Sarah Tanner,Female,1323,30
1932,Sherri Rodriguez,Female,1850,69
1933,Jonathan Lang,Male,2726,24
1934,Robin Mcmahon,Female,1619,44
1935,Megan Anderson,Female,2141,38
1936,Anna Ward,Female,2994,45
1937,Jack Wong,Male,2390,33
1938,Brittany Estrada,Female,2183,52
1939,Claire Reid,Female,620,36
1940,Robert Harris,Male,2197,25
1941,Stephanie Price,Female,1529,34
1942,Angela Gonzalez,Female,692,33
1943,Ashley Curtis,Female,1826,35
1944,Kevin Bell,Male,54,32
1945,Kimberly Hernandez,Female,2492,27
1946,Hannah Carroll,Female,1498,44
1947,Tracey King,Female,2609,30
1948,Ruth Cline,Female,600,36
1949,James Santiago,Male,1191,48
1950,Chad Chase,Male,2321,49
1951,Willie Ball,Male,533,33
1952,Alexis Gray,Female,570,39
1953,Daniel Smith,Male,2678,49
1954,Angela Chavez,Female,1038,56
1955,Alyssa Phillips,Female,319,44
1956,Steven Clay,Male,478,27
1957,Elijah Cannon,Male,957,43
1958,James Stephens,Male,212,46
1959,Annette Sheppard,Female,984,33
1960,Kathleen Gomez,Female,2148,40
1961,Amanda Dodson,Female,2945,34
1962,Jennifer Ayers,Female,2944,38
1963,Bradley Garza,Male,1361,55
1964,Barbara Mosley,Female,1780,42
1965,Erica Solis,Female,2765,23
1966,Melissa Vega,Female,1359,30
1967,Kimberly Molina,Female,233,42
1968,Tracy Hull,Female,1727,38
1969,Alexander Lee,Male,1844,45
1970,Audrey Banks,Female,941,54
1971,Victoria Thompson,Female,337,47
1972,Sandra Carter,Female,177,47
1973,Charles Daniels,Male,2601,27
1974,Laura Sutton,Female,814,39
1975,Peter Adams,Male,2813,43
1976,Zachary Bishop,Male,1752,29
1977,Sarah Marshall,Female,233,21
1978,Karen Rivera,Female,2663,41
1979,Malik Shaw,Male,2688,36
1980,Alicia Chambers,Female,2243,36
1981,Jeff Bautista,Male,880,53
1982,Ana Collins,Female,1318,43
1983,Jesus Avila,Male,2091,21
1984,Carlos Juarez,Male,1091,44
1985,Luke Chase,Male,762,31
1986,Jason Poole,Male,1778,46
1987,Amy Leonard,Female,2741,63
1988,Edwin Rios,Male,755,50
1989,Rachel Collins,Female,1457,46
1990,Christopher Walsh,Male,2766,45
1991,Christopher Duncan,Male,2488,36
1992,Jessica Floyd,Female,1761,54
1993,Nicole Richardson,Female,2372,41
1994,Heather Weaver,Female,2503,25
1995,Logan Walker,Male,2246,44
1996,Kevin Flores,Male,2947,47
1997,Joseph Miller,Male,932,64
1998,George Webb,Male,2831,49
1999,Christopher Lucero,Male,2286,65
2000,Sherri Harris,Female,1988,29
2001,Edward Gonzalez,Male,2532,25
2002,Kimberly Harris,Female,2979,59
2003,Bryce Long,Male,2465,39
2004,Terri Jones,Female,1040,44
2005,Randy Phillips,Male,610,61
2006,James Silva,Male,2816,52
2007,Jessica Williams,Female,1697,59
2008,Timothy Harvey,Male,903,54
2009,Logan Jones,Male,347,28
2010,Mark Salas,Male,1753,29
2011,Douglas Walker,Male,1972,33
2012,Angela Macias,Female,722,49
2013,Glenn Lee,Male,2457,49
2014,Hannah Jones,Female,2275,21
2015,Kyle Ingram,Male,673,21
2016,Stephanie Baker,Female,895,52
2017,Kelly Johnson,Female,2912,33
2018,Jeremy Perez,Male,53,36
2019,Melissa Phillips,Female,811,33
2020,Nicholas Donaldson,Male,2949,32
2021,Thomas Ward,Male,807,41
2022,Erin Morales,Female,1751,46
2023,Lisa Wright,Female,701,39
2024,Michael Carson,Male,2123,21
2025,Philip Wolfe,Male,165,26
2026,Steve Bradley,Male,715,36
2027,Jose Cunningham,Male,2401,33
2028,Jessica Cruz,Female,1869,43
2029,Amy James,Female,1493,44
2030,Belinda Franklin,Female,2628,43
2031,Elizabeth Jackson,Female,1078,28
2032,Ralph Gilbert,Male,922,21
2033,Jeremy Steele,Male,2178,36
2034,Kara Tran,Female,2068,64
2035,Christina Holland,Female,184,46
2036,David Howe,Male,1518,45
2037,Wendy Sharp,Female,1800,33
2038,Aaron Hines,Male,2106,46
2039,Julie Rubio,Female,515,43
2040,Cindy Brown,Female,1572,32
2041,James Schmidt,Male,2918,45
2042,Angie Olson,Female,1192,39
2043,Michele Collins,Female,1913,36
2044,Alexis Morton,Female,361,52
2045,Brittney Cruz,Female,376,44
2046,Kelly Yates,Female,1985,48
2047,Nathaniel Hudson,Male,371,42
2048,John Velazquez,Male,378,28
2049,Stacy White,Female,70,43
2050,Kristine Lee,Female,1715,41
2051,Taylor Young,Female,1094,35
2052,Veronica Young,Female,2878,24
2053,Marcus Olson,Male,1820,53
2054,Craig Morris,Male,991,21
2055,James Crosby,Male,1460,23
2056,Timothy Myers,Male,1410,58
2057,Donna Mullen,Female,358,30
2058,Omar Davis,Male,1829,44
2059,Kelly Watts,Male,1091,60
2060,Nicole Moyer,Female,29,48
