owner_id,name,gender,age
1,David Delgado,Male,47
2,Matthew Dean,Female,39
3,Sarah Larson,Male,65
4,James Hayes,Female,76
5,Sandra Phelps,Male,63
6,Cynthia Elliott,Male,65
7,Anthony Ibarra DVM,Female,45
8,Raymond Gutierrez,Female,61
9,Jody Jackson,Male,78
10,Dr. Brett Carter,Female,49
11,Joshua Beck,Female,74
12,Carlos Flynn,Female,66
13,Jennifer Jackson,Female,43
14,Carlos Burton,Female,41
15,Alyssa Cook,Female,80
16,Kara Scott,Male,62
17,William Bush,Male,52
18,Stephanie Johnson,Male,32
19,Bobby Robinson,Female,41
20,Tara Garcia,Male,48
21,Tara Booker,Female,40
22,Jenny Cunningham,Male,48
23,Jessica Walker,Male,41
24,Dean Miller,Female,31
25,Mathew Vega,Female,69
26,Brianna Castaneda DDS,Male,66
27,Amy Sullivan,Female,63
28,Allison Holloway,Female,58
29,Eric Zamora,Female,71
30,James Owens,Male,71
31,Jennifer Jimenez,Female,74
32,Kimberly Griffin,Male,71
33,John Cantu,Female,46
34,Joshua Rivas,Male,68
35,Jason Schneider,Male,52
36,Carol Reid,Male,72
37,Kristen Khan,Male,47
38,Miguel Jones,Female,49
39,Lisa Reid,Female,64
40,Patrick Jackson,Male,36
41,Wayne Ramos,Male,31
42,Tracy Rodriguez,Female,69
43,Amanda Bishop,Male,55
44,Louis Gonzalez,Female,71
45,Tanya Roberts,Male,31
46,Phillip Hanna,Male,36
47,Aaron Downs,Male,69
48,Christine Hines,Male,62
49,Erin Tran,Female,31
50,Nicole Gaines,Male,69
51,Sandra Crane,Female,40
52,Erik Avila,Male,54
53,Thomas Perry DDS,Female,49
54,Teresa Baxter,Female,38
55,Brent Aguilar,Female,69
56,Kevin Montgomery,Male,68
57,Mia Olson,Female,33
58,Olivia Washington,Male,52
59,Marc Watson,Male,62
60,Frederick Rich,Male,60
61,Shelia Adams,Female,50
62,Sarah Snyder,Female,56
63,Mark Larson,Male,68
64,Nancy Massey,Male,80
65,Karen Swanson,Female,69
66,James Lewis,Female,56
67,Russell Ingram,Male,59
68,Laurie Martinez,Male,33
69,Nicole Jones,Male,45
70,Alexander Martinez,Female,68
71,Heather Hendricks,Female,50
72,Jesse Johnson,Male,76
73,Mark Rodriguez,Female,58
74,Edward Miller,Male,40
75,Sherry Sparks,Male,33
76,Dylan Brown,Female,38
77,John Montgomery,Male,42
78,Jaime Booth,Female,53
79,Austin Lynch,Female,79
80,Kelly Wise,Female,55
81,John Harrison,Male,37
82,Alan Miller,Male,60
83,Felicia Wang,Male,35
84,Jamie Simpson,Female,54
85,William Chavez,Female,73
86,Shannon Anthony,Female,58
87,Tristan Vaughan,Male,74
88,Patricia Park,Female,72
89,Carrie Paul,Female,73
90,Jesse Gonzalez,Male,32
91,Jamie Simmons,Female,69
92,Donald Torres,Female,35
93,Christopher Tucker,Female,63
94,Bonnie Davenport,Male,55
95,Karen Stark,Female,30
96,Daniel Lawrence,Male,74
97,Tony Hebert,Male,67
98,Amanda Boyer,Female,32
99,Gregory Wiley,Male,69
100,Ethan White,Male,54
101,Jennifer Smith,Male,46
102,Kristin Davis,Male,34
103,Shannon Ellis,Female,57
104,Nicole Conway,Male,59
105,Michael Kelly,Male,43
106,Ronald Hopkins,Male,71
107,Laura Foster,Male,59
108,Timothy Rich,Male,67
109,Anne Young,Female,57
110,Christopher Oconnor,Male,67
111,Kevin Kaiser,Female,30
112,Ryan Stewart,Female,65
113,Kellie Powell,Male,51
114,Michelle Bryant,Male,35
115,Jennifer Mccall,Male,42
116,Morgan Booth,Male,76
117,Daniel Allen,Female,33
118,Laura Vasquez,Female,58
119,Cameron Roberts,Female,62
120,Andrew Mendez,Female,74
121,Dustin Lopez,Female,37
122,Shelby Lopez,Female,59
123,Susan Kelly,Male,80
124,Jon Fox,Female,59
125,Todd Todd,Female,35
126,Mary Morales,Male,60
127,Jeff White,Male,64
128,Anthony Small,Male,36
129,Cassidy Wheeler,Female,75
130,Ralph Gomez,Female,75
131,Jorge Zhang,Male,78
132,Rebecca Bowen MD,Female,47
133,Daniel Parsons,Female,32
134,William Jackson,Female,31
135,Michael Aguilar,Female,41
136,Sandra Johnson,Male,48
137,Michael Walker,Male,42
138,Natalie Jones,Male,61
139,Dr. Janet Richards,Female,48
140,Jennifer Hanna,Male,63
141,Edward Smith,Male,61
142,Scott Bates,Female,45
143,Erica Williams,Male,55
144,Ronald Thompson,Male,33
145,Elizabeth Watson,Female,45
146,Lisa Sanders,Male,76
147,Robert Payne,Male,74
148,Darrell Rodriguez,Female,63
149,Alejandro Pitts,Female,54
150,Rebecca Cantrell,Male,40
151,Mr. Thomas White,Female,61
152,Melvin Thompson,Male,61
153,Jesse Hayes,Male,44
154,Laura Martinez,Female,73
155,Jennifer Moyer,Female,43
156,Katherine Stout,Male,53
157,Christopher Gray,Male,42
158,Rebecca Wright,Female,40
159,Justin Ramos,Female,64
160,Geoffrey Sanchez,Female,55
161,Sandra Singleton,Male,32
162,Alyssa Rivera,Female,75
163,Kathryn Bradley,Male,74
164,Jay Thompson,Female,67
165,Melissa Roman,Female,58
166,Alexandra Juarez,Female,58
167,Amy Moran,Male,52
168,Richard Bailey,Male,74
169,Cynthia Livingston,Male,38
170,Joel Farrell,Male,32
171,Gina Turner,Male,80
172,Chad Roberts,Female,77
173,Jennifer Fuller,Male,46
174,Richard Stanley,Female,54
175,Kenneth Myers,Male,45
176,Johnathan Brennan,Male,36
177,Rebecca Barr,Female,67
178,Lisa Navarro,Female,67
179,Joyce Phillips,Female,73
180,Sean Esparza,Male,35
181,Brian Gibson DDS,Female,35
182,Rebecca Graves,Female,58
183,Christopher Craig,Male,77
184,William Martinez,Male,55
185,Olivia Kirk,Female,46
186,Meghan Sullivan,Female,53
187,Emily Valdez,Female,53
188,Kimberly Frazier,Male,58
189,Jacqueline Atkinson,Female,61
190,Alan Mathis,Male,68
191,Jeremy Morrison,Female,51
192,James Matthews,Female,70
193,Debra Valentine,Female,31
194,George Davis,Female,36
195,Steven Baldwin,Male,73
196,Joseph Clark,Female,42
197,Jacqueline Schultz,Female,53
198,Ryan Kemp,Female,50
199,Ryan Blackwell,Male,47
200,Jimmy Walsh,Female,62
201,Lisa Kelly,Female,62
202,William Wood,Female,67
203,Michael West,Male,38
204,Timothy Richards,Male,51
205,Christopher Hawkins,Male,36
206,Phillip King,Female,60
207,Matthew Schwartz,Male,38
208,Christian Dennis MD,Female,74
209,Adam Cline,Female,63
210,Michael Elliott,Male,48
211,Sara Adkins,Female,34
212,Jason Peterson,Male,61
213,Anne Scott,Male,79
214,Jessica James,Female,55
215,Emily Schmitt,Female,50
216,David Reed,Male,37
217,Abigail Schmidt,Male,68
218,Sarah Wilson,Female,46
219,Megan Mcguire,Male,32
220,Jon Mendez,Female,39
221,Todd Ruiz,Female,67
222,Anthony Chan,Male,64
223,Cameron Nelson,Female,63
224,Justin Sanders,Female,45
225,Debra Brown,Male,73
226,Robin Harris,Female,36
227,Eddie Fernandez,Male,36
228,Mark Myers,Male,31
229,William Beasley,Female,51
230,Marc Lopez,Female,39
231,Vincent Pineda,Female,61
232,Debra Spears,Male,59
233,Laura Howell,Male,59
234,Erin Houston,Female,33
235,Sonya Grant,Male,60
236,Cody Myers,Female,65
237,Isabel Lewis,Male,68
238,Joseph Smith,Female,64
239,Mary Murray,Female,46
240,Ian Livingston,Female,43
241,Matthew Horton,Female,64
242,Katelyn Poole,Female,64
243,Mrs. Cheryl Wright,Male,73
244,Luis Harris,Male,34
245,Richard Watson,Male,79
246,Brandon Gardner,Female,52
247,Patricia Williams,Male,30
248,Matthew Hunt,Female,44
249,Corey Mays,Male,65
250,Andre Schmitt,Female,74
251,Melissa Johnson,Female,57
252,Jesse Zamora,Female,73
253,Briana Peters,Male,53
254,Amanda Holmes,Female,62
255,Sheila Jones,Male,72
256,Melissa Mccoy,Female,42
257,Sara Jimenez,Male,58
258,Michele Dawson,Male,56
259,Charles Keller,Male,37
260,Angela Sanchez,Female,54
261,Jeremy Williams,Female,32
262,Sandra Randall,Male,59
263,Raymond Watkins,Female,47
264,Anita Frey,Male,48
265,Emily Hebert,Male,69
266,Daniel Cortez,Female,59
267,Jodi Gaines,Female,79
268,Kayla Estrada,Female,39
269,Rhonda Beck,Male,67
270,Michelle Bradley,Female,61
271,Cindy Joseph,Male,36
272,Jorge Gonzalez,Female,50
273,Dawn Morales,Male,79
274,Erin Lopez,Male,38
275,Luis Rogers,Male,62
276,Brian Williams,Male,36
277,Nicholas Hill,Male,64
278,Thomas Zimmerman,Female,59
279,Andrew Hudson,Male,37
280,Kayla Ramos,Female,59
281,Matthew Barron,Female,71
282,Shawn Parks,Male,46
283,Michelle Williamson,Male,53
284,Heather Cantu,Female,30
285,Mr. Ralph Larsen,Female,53
286,Jacob Walker,Female,72
287,Robert Reynolds,Male,64
288,Zachary Morrison,Male,48
289,Wayne White,Male,38
290,Tiffany Hall,Male,61
291,Elaine Mccormick,Female,42
292,Miranda Barnett,Male,72
293,Isabella Chapman,Male,49
294,Chelsea Martinez,Female,48
295,Jill Thompson,Female,66
296,Robert Scott,Female,42
297,Russell Oliver,Female,67
298,Donald Vazquez,Female,73
299,Alyssa Bradford,Female,42
300,Rachel Snyder,Male,79
301,Lisa Zhang,Female,31
302,Jennifer Ingram,Male,57
303,Pam Jennings,Female,52
304,Nicholas Williams,Male,73
305,Kathryn Smith,Female,33
306,Jeffery Quinn,Female,38
307,Earl Anderson,Female,50
308,Tina Miller,Male,75
309,Tony Knight,Male,37
310,Brooke Smith,Female,62
311,Mary Graves,Female,62
312,Kevin Raymond,Male,53
313,Aaron Yang,Female,54
314,Shelby Carter,Male,30
315,David Shaffer,Female,44
316,David Shaw,Male,80
317,Benjamin Ayala,Male,42
318,Christopher Patel,Female,74
319,David Oneal,Female,45
320,Cheyenne Giles,Female,39
321,Stephanie Rojas,Female,66
322,Heather Cox,Male,70
323,Sharon Rojas,Male,65
324,Diane Navarro,Female,80
325,Tony Sims,Male,47
326,William Bates,Male,56
327,Daniel Flynn,Female,78
328,Emily Jackson,Female,61
329,Mark Leonard,Female,38
330,Olivia Anderson,Female,51
331,Kathy Davis,Female,39
332,Melissa Perry,Female,74
333,Michael Anderson,Female,54
334,Juan Sandoval,Female,71
335,Jeffrey Strickland,Female,50
336,Terry Townsend,Female,62
337,Michael Roberts,Female,35
338,Michael Thornton,Male,54
339,Gerald Bennett,Female,73
340,Tina Chavez,Male,70
341,Bailey Davis DVM,Female,57
342,Emily Gray,Male,70
343,Nicole Fitzgerald,Female,44
344,Chelsea Cummings,Female,38
345,Jessica Reed,Male,73
346,Heather Allen,Female,70
347,Joseph Oconnor,Male,79
348,Barry King,Male,71
349,Erin Riley,Female,34
350,Christopher Sanchez,Female,62
351,Pedro Hayes,Female,33
352,Amanda Miller,Female,53
353,Amanda Thomas,Male,46
354,Arthur Mcgee,Female,67
355,Vickie Calhoun,Female,65
356,Timothy Delacruz,Male,31
357,Kelly Hughes,Female,45
358,Amanda Quinn,Male,74
359,Anthony Foster,Female,43
360,Kimberly Andersen,Male,56
361,Elizabeth Miller,Male,38
362,Anthony Porter,Female,45
363,Courtney Williams,Female,66
364,Henry Rodriguez,Female,48
365,John Hart Jr.,Male,33
366,Maria Villanueva,Male,55
367,Anthony Porter,Male,47
368,Amanda Baldwin,Male,70
369,Savannah Bernard,Male,44
370,Jennifer Martin,Female,54
371,Casey Kramer,Male,51
372,Brooke Hogan,Female,37
373,Aaron Jones,Male,80
374,Traci Lawson,Male,36
375,John Rogers,Male,51
376,Mr. Mark Jenkins MD,Male,67
377,Deborah Burke,Female,33
378,Natalie Gonzalez,Female,37
379,Anthony Stone,Male,57
380,Robert Clayton,Female,65
381,David Henry Jr.,Male,37
382,Richard Schmidt,Female,56
383,Peter Johnson,Male,71
384,Robert Hunter,Female,44
385,Deborah Steele,Female,73
386,Elizabeth Molina,Female,75
387,Michelle Richard,Male,37
388,Amy Cooper,Female,62
389,Dawn Yang,Male,39
390,Renee Haynes,Female,41
391,Thomas Jones,Female,60
392,Yolanda Johnston,Female,38
393,Joseph Davis,Male,78
394,Thomas Jackson,Male,50
395,Matthew Wong,Male,49
396,Lindsey Riddle,Female,45
397,Joshua Dixon,Female,46
398,Heather Waters,Male,45
399,Whitney Allen,Male,50
400,Barbara Ramirez,Male,38
401,Tiffany Park,Male,44
402,Jason Charles,Female,79
403,Michael Ramos,Female,70
404,John Arias,Male,77
405,Nathaniel Murphy,Male,52
406,Maria Dixon,Male,65
407,Joyce Holt,Female,53
408,Donald Carter,Female,66
409,Alexandra Carrillo,Male,49
410,Beth Simmons,Female,72
411,Rachel Jones,Male,42
412,Karen Griffin,Female,53
413,Donna Mcdonald,Male,40
414,Raymond Duncan,Female,59
415,Angela Wiley,Female,45
416,Donald Crawford,Female,69
417,Brian Lane,Male,68
418,Allen Cooper,Male,80
419,Caroline Carr,Male,59
420,Dawn Perez,Female,34
421,Mr. Edward Bennett PhD,Male,41
422,Jeffrey Coleman,Female,43
423,Jody Schneider,Male,32
424,David Reyes,Female,69
425,Melissa Mendez,Male,79
426,Christina Johnson,Female,36
427,Jacob Wilson,Female,49
428,James Moore,Male,35
429,Jeffrey Shannon,Male,35
430,Ashley Wall,Female,64
431,David Henry,Female,62
432,Derek Leonard,Female,59
433,Joel Reeves,Male,72
434,Dennis Jordan,Female,62
435,Patrick Miller,Male,60
436,Frances Goodman,Male,53
437,Penny Moore,Male,61
438,Mark Marshall,Male,49
439,Charles Evans,Male,54
440,Kevin Brooks,Female,45
441,Michele Rogers,Female,33
442,Rose Baxter,Male,38
443,Kimberly Ibarra,Female,73
444,Crystal Myers,Female,65
445,Martha Phillips,Female,47
446,Annette Kim,Female,71
447,James Ramirez,Female,80
448,Sarah West,Female,80
449,Mr. Stephen Zuniga,Female,38
450,Jennifer Smith,Male,63
451,Misty Landry,Female,78
452,Maria Sampson,Female,79
453,Kathy Flores,Female,45
454,Amanda Obrien,Female,39
455,Michael Edwards,Female,66
456,Timothy Garcia,Female,35
457,Kimberly Young,Male,76
458,Savannah King,Male,43
459,Dana Stuart,Female,56
460,Cynthia Frank,Female,56
461,Jessica Terrell,Male,71
462,Jennifer Smith,Male,52
463,Tina Howard,Female,71
464,Scott Maldonado,Female,64
465,Michelle Hernandez,Male,33
466,Lori Cantu,Female,51
467,Steven Coleman,Female,38
468,Kevin Diaz,Male,75
469,Jesus Smith,Male,76
470,Franklin Watkins,Female,38
471,Troy Morris,Male,30
472,Joshua Jones,Male,67
473,Wayne Pratt,Female,45
474,Cassidy Salazar,Male,31
475,Dillon Horton,Male,78
476,Kristin Lyons,Female,35
477,Clarence Holmes,Female,42
478,Margaret Williams,Male,33
479,Maria Ray,Female,66
480,John Booth,Female,71
481,Jake Garcia,Female,40
482,David House,Female,79
483,Jennifer Wells,Female,75
484,Leslie Steele,Male,70
485,Andrew Robinson,Male,59
486,Tammy Rose,Male,35
487,Jesse Rodriguez,Male,49
488,Nicole Castro,Female,73
489,Dr. Amy Huerta,Female,77
490,Jake Mccarthy,Female,79
491,James Brown Jr.,Female,71
492,James Guzman,Male,55
493,Brandon Green,Male,40
494,Nicholas Martin,Female,63
495,Bryan Munoz,Male,77
496,Ryan Singh,Female,80
497,Clayton Sellers,Female,76
498,Kristin Mccoy,Female,45
499,Dennis Melton,Female,45
500,Eric Edwards,Male,59
501,Hannah Ramos,Male,52
502,Mark Rhodes,Female,44
503,Julia Walters,Male,39
504,Carla Jenkins,Female,67
505,David Frederick,Female,79
506,Robert Saunders PhD,Female,69
507,Sandra Cervantes,Male,46
508,Patricia Wise,Male,31
509,John Owens,Female,35
510,Sally Landry,Male,33
511,Jody King,Female,35
512,Wendy Bishop,Female,37
513,Timothy Garcia,Male,52
514,Victor Cardenas,Male,36
515,Jermaine Jenkins,Female,53
516,Timothy Payne,Female,49
517,Misty Reyes,Male,43
518,Ashley Alexander,Male,44
519,Emily Erickson,Male,56
520,Andrew Gonzales,Female,69
521,Allen Lewis,Female,48
522,Melissa Kaiser,Male,36
523,Brian Webb,Female,64
524,Lawrence Moyer,Female,44
525,Aaron Ruiz,Female,77
526,Laura Brewer,Male,38
527,Carlos Jackson,Male,60
528,Brittany Colon,Male,43
529,Blake Davis,Male,57
530,Kimberly Rowe,Female,53
531,Kevin Tucker,Male,71
532,Bradley Gray,Female,63
533,April Ballard,Male,79
534,Mary Brown,Female,53
535,Matthew Nielsen,Male,60
536,Seth Nichols,Male,34
537,Joshua Morgan,Male,49
538,Julie Garcia,Male,40
539,Stephen Crawford,Male,64
540,Jennifer Long,Male,57
541,Beth Chan,Male,35
542,Katherine Hernandez,Female,47
543,Eugene Schaefer,Female,63
544,Jennifer Mason,Female,63
545,Tina Woods,Male,67
546,Mark Baker,Male,76
547,Morgan Duran,Male,32
548,Susan Gillespie,Female,48
549,Lisa Wilson,Female,55
550,Christopher Orozco,Female,46
551,Ruben Rivas,Female,69
552,Manuel Greer,Male,73
553,John Jacobs,Male,40
554,Alyssa Shaw,Male,41
555,Alexis Phillips,Male,38
556,Danielle Scott,Male,44
557,Jessica Green,Female,56
558,Sue Jones,Female,45
559,Candice Alexander,Male,59
560,Brian Valdez,Male,57
561,Matthew Bishop,Female,41
562,Troy Jones,Female,61
563,Megan Jones,Female,53
564,Dean King,Female,49
565,Matthew Bell,Female,57
566,Elizabeth Vasquez,Female,56
567,Jessica Silva,Male,33
568,Cindy Solis,Female,47
569,Cindy Perry,Male,45
570,Raymond Jimenez,Male,66
571,Emily Berger,Male,64
572,Mr. Christopher Garcia,Male,42
573,Aaron Turner,Male,74
574,Julia Walker,Male,60
575,Michelle Ponce,Female,71
576,Matthew Rodgers,Male,48
577,Shawn Cortez,Female,61
578,Samuel Curtis,Female,75
579,Brent Brown,Female,64
580,Melinda Poole,Male,75
581,Linda Sellers,Male,70
582,Nicole Nolan,Male,52
583,Matthew Wagner,Female,33
584,Deborah Lee,Male,41
585,Katherine Wilcox MD,Male,72
586,Abigail Richmond,Male,42
587,Olivia Andersen,Male,79
588,Jessica Mcclain,Female,55
589,Brian Fisher,Female,49
590,Peter Gilmore,Female,30
591,Amanda Garner,Male,71
592,Gregory Christensen,Male,59
593,Lisa Charles,Female,53
594,David Bass,Male,56
595,Linda Alvarado,Male,37
596,Teresa Zamora,Female,39
597,Mary Wood,Female,46
598,Jennifer Clements,Female,57
599,Katherine Bowman,Female,39
600,Julie Boyer,Male,60
601,Rhonda Larson,Female,41
602,Tiffany Griffin,Male,45
603,Caleb Hartman,Female,68
604,Amy Romero,Female,68
605,Jamie Gardner,Female,54
606,Sharon Reed,Female,68
607,Donald Powell,Female,68
608,Tara Bennett,Female,41
609,Adam Mendoza,Male,32
610,Keith Johnson,Female,64
611,Jennifer Lowe,Female,56
612,Erica Clark,Male,31
613,Tanya Parker,Male,38
614,Jonathan Garcia,Male,39
615,Wayne Simmons,Male,75
616,Jesse Powell,Male,54
617,Jared Lowe,Male,67
618,Amy James,Male,48
619,Linda Nguyen,Female,65
620,Katherine Peterson,Male,60
621,Amanda Shaw,Male,33
622,Chris Gillespie,Female,61
623,Kathleen Hunt,Male,42
624,Heather Adams,Male,68
625,Pamela Clarke,Female,59
626,Mr. Kyle Reid,Male,42
627,Timothy Brown,Female,37
628,Peter Foster,Male,45
629,Sarah Johnson,Male,52
630,Christopher House,Female,30
631,Sara Barnes,Female,36
632,Virginia Hobbs,Male,59
633,Lawrence Bass,Female,41
634,Nathaniel Jackson,Male,51
635,Zachary Suarez,Male,49
636,Jenna Decker,Male,55
637,Nicole Holmes,Female,72
638,Damon Pittman,Female,33
639,Travis Caldwell,Male,55
640,Dustin Valentine,Female,73
641,Colleen Owens,Male,59
642,Marie Fernandez,Female,39
643,Keith Brown,Male,74
644,Jesus Kennedy DVM,Male,42
645,Teresa Chapman,Male,80
646,Leah Jones,Female,74
647,Megan Davis,Female,78
648,Sandra Young,Male,79
649,Tammy Bailey,Male,59
650,Nathan Garcia,Male,67
651,Steven Delgado,Male,41
652,Robin Adams,Male,76
653,Jennifer Potter,Male,38
654,Donald Allison,Female,42
655,Stacy Schneider,Male,71
656,Jessica Perez,Male,36
657,Theresa Burgess,Male,58
658,Joseph Vega,Male,66
659,Heidi Green,Male,31
660,Traci Simpson,Male,56
661,Heather Esparza,Male,62
662,Teresa Schultz,Male,59
663,Julie Hubbard,Male,39
664,Robert Delacruz,Male,52
665,Kenneth Edwards,Female,64
666,Zoe Bush,Female,68
667,Natalie Cross,Female,67
668,David Herrera,Female,37
669,Richard Cortez,Male,71
670,Sabrina Martinez,Male,52
671,Mary Martinez,Male,57
672,Christopher Sanchez,Male,68
673,Joseph Gonzales,Male,31
674,Michael Garcia,Male,39
675,David Carney,Male,53
676,Eric Coffey,Male,38
677,Kristin Frey,Female,39
678,Robert Robertson,Male,47
679,Allison Tate,Female,44
680,Cynthia Stewart,Male,70
681,Amber Hill,Female,49
682,Joseph Montoya,Male,50
683,Garrett Camacho,Male,76
684,Allison Khan,Male,53
685,Mrs. Tanya Jones DDS,Female,43
686,Karen Chan,Female,56
687,Kathleen Newton,Female,34
688,Ryan Ballard,Male,41
689,Angela Cox,Female,79
690,Rachel Jensen,Male,31
691,Jeffrey Green PhD,Female,32
692,Anita Gutierrez,Female,69
693,Christopher Valencia,Male,52
694,Dr. Maria Smith,Male,79
695,Claire Wallace,Male,74
696,Laura Ford,Female,60
697,Tanya Hood,Female,47
698,Robert Lowe,Male,54
699,Yolanda Herrera,Male,46
700,Karen Carlson,Male,35
701,Alejandro Lee MD,Female,30
702,Steven Glenn,Male,38
703,John Walker,Female,67
704,Jordan Smith,Male,76
705,Craig Warner,Male,67
706,Melanie Kemp,Female,60
707,Gregory Mason,Male,80
708,Amy Clark,Male,38
709,Kendra Moore,Male,63
710,Mary Washington,Female,34
711,Jason Howell,Male,53
712,Luis Brown,Male,36
713,Martin Clark,Male,65
714,Laura Khan,Male,75
715,Nathan Sanders,Male,41
716,Michael Thompson Jr.,Female,63
717,Christopher Lutz,Female,80
718,Andrew Vang,Male,35
719,Sandra Thomas,Female,75
720,Allison Rivera,Male,31
721,Richard Watson,Male,59
722,Michael Watts,Male,77
723,Rebecca Stanley,Female,30
724,Connie Shepard,Male,52
725,James Parrish,Male,66
726,Christine Baker,Female,43
727,James Blackwell,Female,72
728,Katherine Leonard,Male,69
729,Kimberly Anderson,Male,77
730,Zachary Taylor,Female,71
731,Amanda Kelly,Female,38
732,Diana Oneal,Male,74
733,Adam White,Male,61
734,Joseph Simpson,Male,51
735,Tiffany Davenport,Male,72
736,Aimee Taylor,Female,58
737,Jeffrey Edwards,Female,43
738,Cindy Gallegos,Female,38
739,Krystal Jones,Male,78
740,Jessica Villanueva,Female,35
741,James Johnson,Male,71
742,Matthew Sanchez,Female,80
743,Darin Harris,Male,65
744,Anthony Turner,Female,48
745,Tony Caldwell,Female,42
746,Alexander Harper,Female,74
747,Jeremy Pennington,Female,50
748,Juan Lamb,Male,40
749,Patricia Roberts,Male,58
750,Amanda Rose,Female,60
751,David Ayala,Male,55
752,Catherine Reese,Male,55
753,John Ray,Female,31
754,Amy Roth,Male,40
755,Sara Bennett,Female,55
756,Todd Cunningham,Male,47
757,Michael Blackburn,Female,61
758,Richard Castillo,Female,66
759,Diana Simmons,Male,69
760,Sara Thomas,Female,72
761,Madison Middleton,Female,41
762,Juan Macdonald,Male,65
763,Thomas Hayes,Female,68
764,James Stephenson,Male,70
765,Manuel Wilkinson,Male,71
766,Eric Rodriguez,Male,51
767,Madison Miller,Female,65
768,Heather Martinez,Female,76
769,Larry Mcdaniel,Male,52
770,Justin Barrera,Female,76
771,Jordan Mitchell,Male,50
772,Scott Francis,Female,66
773,Thomas Johnston,Male,60
774,Michael Price,Male,75
775,Jason Davis,Female,56
776,Kimberly White,Female,62
777,Mr. William Miller,Male,59
778,Roger Garza,Male,66
779,Bobby Vargas,Female,65
780,Justin Olson,Male,76
781,Barbara Monroe,Female,60
782,Kenneth Brooks,Male,79
783,Jessica Becker,Female,69
784,Catherine Kline,Male,46
785,Stephanie Hernandez,Female,34
786,Troy Murphy,Female,42
787,Robert Chan,Male,74
788,Tina Arroyo,Female,74
789,Justin Wilson,Female,32
790,Theresa Aguirre,Male,73
791,Michael Mathis Jr.,Male,43
792,Brian Williams,Male,41
793,Jessica Walker,Male,54
794,Vanessa Zamora,Male,39
795,David Anderson,Male,31
796,Dawn Smith,Male,67
797,Robert Martin,Female,77
798,Kayla Rodriguez,Female,56
799,Jody Stevens,Female,32
800,Robert Williams,Male,71
801,Dr. Sean Jones,Male,48
802,Carla Pearson,Male,66
803,Michael Tran,Female,64
804,Mrs. Sandra Walker,Female,70
805,Kathleen Escobar,Female,56
806,Kyle Parker,Male,50
807,Stephanie Mills,Male,72
808,Jimmy Butler,Male,75
809,Samantha Rivera,Male,58
810,Pamela Diaz,Male,48
811,Bryan Buchanan,Female,55
812,Pamela West,Female,53
813,James Conner,Female,65
814,Brandy Moore,Male,66
815,John Fuller,Female,79
816,Stephen Morgan,Female,71
817,Miguel Gates,Female,79
818,Leah Harrison,Female,53
819,Joseph Griffith,Male,49
820,Catherine Richards,Male,79
821,Michael Beck,Male,47
822,Jennifer Sexton,Male,60
823,Monique Rice,Male,63
824,Barry Phelps,Male,71
825,James Davis,Female,72
826,Catherine Powers,Male,70
827,Laura Ross,Female,65
828,Gina Wright,Female,54
829,Tyler Williams,Male,70
830,David Calderon,Male,71
831,Eric Garrett,Male,31
832,Christopher Harris,Female,45
833,Daniel Baker,Female,38
834,Alfred Mclean,Female,70
835,Daniel Munoz,Female,77
836,Jacob Friedman,Male,44
837,Alexis Charles,Female,62
838,Peter Freeman,Female,41
839,Jeffrey Hood,Male,44
840,Chelsey Johnson,Male,55
841,Andrew Rose,Male,60
842,Scott Stewart,Male,51
843,Janet Gardner,Female,64
844,Jill Burton,Female,77
845,Oscar Barrett,Female,47
846,Christopher Rowe,Male,72
847,Kristie Reyes,Male,59
848,Sandy Scott,Male,74
849,Paul Mitchell,Female,57
850,Brian Aguilar,Male,47
851,John Flores,Male,56
852,Manuel Hawkins,Female,66
853,Mr. Henry Smith,Male,62
854,Malik Harris,Male,44
855,Amber Caldwell,Female,39
856,Timothy Thomas,Male,42
857,Edward Craig,Male,39
858,Kendra Francis,Male,68
859,Tyler Gallegos,Female,48
860,Jenna Berry,Female,48
861,Jacob Hunt,Female,43
862,Cindy Cruz,Male,45
863,Patricia Cole,Female,78
864,Rebecca Buchanan,Female,42
865,Keith Mcdaniel,Male,60
866,Jocelyn Bond,Male,36
867,Stephanie Smith,Female,66
868,Peter Frey,Male,45
869,Daniel Townsend,Female,54
870,Kendra Walker,Female,72
871,Katherine Jones,Male,67
872,Mary Terry,Female,74
873,Kerry Miller,Female,31
874,Gregory King,Female,53
875,Daniel Rogers,Male,67
876,Yvette Hall,Female,76
877,Amy Dickerson,Male,57
878,Walter Norman,Male,39
879,Rebecca James,Female,63
880,Madison Garcia,Female,37
881,Justin Thompson,Male,46
882,Russell Marshall,Male,74
883,Jamie Fisher,Female,62
884,Michelle Harris,Male,47
885,James Ellison,Male,58
886,Jacob Higgins,Female,47
887,Maria Smith,Female,76
888,Kristin Morrison,Male,61
889,Kelly Lynch MD,Female,70
890,Isabel Cole,Male,71
891,David Acevedo,Male,56
892,Patrick Jacobs,Female,32
893,Bruce Kelley,Male,33
894,Joshua Nelson,Female,76
895,Kimberly Flowers,Male,66
896,Kristen Sullivan,Male,54
897,Justin Mitchell,Female,63
898,Allen Rogers,Female,60
899,Andrew Villegas,Female,30
900,Devin Jordan,Female,39
901,Marcus Shaffer,Male,41
902,Michael Pennington,Male,72
903,Luke Hendricks,Female,76
904,Stephanie Swanson,Male,58
905,Thomas Chavez,Female,77
906,Lisa Glass,Female,74
907,Denise Wilkins,Male,40
908,Holly Vega,Male,64
909,Daniel Brooks Jr.,Male,55
910,Jennifer Joseph,Female,66
911,Jacob Horn,Male,34
912,Brandon Franklin,Male,72
913,Donald Smith,Male,76
914,Kenneth Cherry,Female,34
915,Darrell Simmons,Female,30
916,Brandon Thomas,Female,43
917,Heather Berger,Male,64
918,Adam Lopez,Female,53
919,Erica Brewer,Male,46
920,Jennifer Acosta,Male,40
921,Jacob Martinez,Female,72
922,Deanna Thomas,Female,31
923,David Miller,Male,47
924,Robert Woods,Female,67
925,Anna Burgess,Male,67
926,Beth Yates,Female,67
927,Maurice Young,Female,51
928,Kerry Edwards,Female,69
929,Daniel Sawyer,Male,74
930,John Parker,Male,58
931,Alfred Ramos,Female,63
932,Aaron Watson,Female,50
933,Crystal Bell,Female,58
934,Steve Miranda,Female,36
935,Mrs. Emily Spencer,Male,36
936,Brian Schmitt,Male,51
937,Evan Campbell,Female,67
938,Haley Stewart,Female,35
939,Dawn Moore,Male,69
940,Wendy Barnes,Female,58
941,Claire Roy,Female,77
942,Francisco Higgins,Female,58
943,Dustin Garcia,Male,67
944,Shawn Ramos,Male,54
945,Dana Marks,Male,79
946,Aaron Fuentes,Male,65
947,Andrew Mcclure,Female,40
948,Thomas Jackson,Male,74
949,Jennifer Garcia,Female,71
950,Jaclyn Brown,Female,30
951,John Romero,Female,52
952,Jennifer Johnson,Female,61
953,Melissa Rodriguez,Male,73
954,Sharon Wood,Male,73
955,Cynthia Brooks,Female,76
956,Krista Roberts,Male,54
957,Lindsay Shea,Male,46
958,Chris Keller,Female,63
959,Noah Jones,Male,55
960,Dawn Wright MD,Male,44
961,Cristina Shah MD,Male,74
962,Mr. Juan Lewis,Female,36
963,David Patel,Male,50
964,Danny Gardner,Female,49
965,David Brooks,Male,57
966,Tamara Lindsey,Female,30
967,Ryan Sparks,Female,36
968,Johnny Moore,Female,59
969,Christopher Rodriguez,Female,79
970,Deborah Wells,Male,36
971,Jose Garcia,Male,59
972,Kendra Wiggins,Male,36
973,Jennifer Turner,Female,31
974,Robert Fox,Female,70
975,Samuel Avila,Male,33
976,David Moore,Male,62
977,Lisa Flynn,Male,46
978,Brittany Long,Female,46
979,Robert Brown,Male,54
980,Donna Benson,Female,39
981,John Smith,Female,38
982,Amanda Carter,Male,52
983,Johnny Medina,Male,75
984,Jodi Griffith,Male,59
985,William Summers,Male,67
986,Miranda Haynes,Female,80
987,Nicolas Dunn,Female,52
988,Andrea Smith,Male,74
989,Leslie Wallace,Female,54
990,Rebecca Manning,Female,46
991,Veronica Hill,Female,47
992,Samuel Richards,Female,32
993,Elizabeth Lopez,Male,63
994,Kelly Vincent,Female,34
995,Christopher Collins,Female,73
996,Douglas Miller,Female,52
997,Stephen Nelson,Male,62
998,Latoya Gregory,Male,36
999,Christopher Flores,Female,72
1000,Michael Russell,Female,43
1001,Lori Fisher,Male,37
1002,Dylan Murray,Female,77
1003,Mr. Lonnie Roberts DVM,Male,58
1004,Dana Holder,Female,31
1005,Brian Johnson,Male,59
1006,John Rodriguez,Male,34
1007,Megan Lee,Male,59
1008,Sophia Parker,Male,37
1009,Heather May,Male,55
1010,Edwin Gibson Jr.,Female,61
1011,Alexander Wallace,Female,76
1012,Nicole Acosta,Male,60
1013,Alice Little,Male,80
1014,Timothy Andrews,Female,47
1015,Alicia Johnson,Male,67
1016,Brandon Tran,Male,42
1017,Kent Stewart,Male,60
1018,Anthony Nelson,Female,62
1019,Nicole West,Male,36
1020,Ryan Carpenter,Female,61
1021,John Allen,Female,37
1022,Tiffany Castillo,Male,63
1023,Christopher Young,Female,66
1024,Linda Shannon,Male,37
1025,Stacey Baker,Male,47
1026,Robert Owen,Male,79
1027,Edward Mcdowell,Male,39
1028,Kathryn Barrett DVM,Female,76
1029,Charles Scott,Male,56
1030,Rebecca Ramirez,Male,49
1031,Travis Miller,Female,56
1032,Mary Willis,Female,44
1033,Charles Young,Female,69
1034,Lori Reese,Female,71
1035,Bradley Myers,Female,42
1036,Carol Reynolds,Female,79
1037,Mrs. Jenny Cannon,Female,65
1038,Jessica Smith,Female,66
1039,Joseph Chambers,Male,36
1040,Jennifer Miller,Male,53
1041,Tammy Mitchell,Male,38
1042,Brent Smith,Female,30
1043,Brian Steele,Male,30
1044,Elizabeth Bartlett,Female,72
1045,Katherine Roman,Female,32
1046,Jack George,Female,70
1047,Tara Kramer,Male,32
1048,Tammy Hartman,Female,72
1049,Jessica Stanley,Female,71
1050,Felicia Miles,Female,61
1051,John Whitaker,Male,30
1052,Christopher Barrera,Female,78
1053,Pedro Kelly,Female,60
1054,Albert Harper,Male,53
1055,Kenneth Olson,Male,44
1056,Eric Baker III,Male,62
1057,Dawn Lee,Female,54
1058,Dr. Cheryl Scott,Female,39
1059,Natalie Wilson,Male,59
1060,William Burns,Male,46
1061,Victor Oliver,Male,38
1062,Laura Brooks,Male,51
1063,Earl Pitts,Male,44
1064,Emma Mack,Female,60
1065,Micheal Berger,Female,52
1066,Anthony Krause MD,Female,79
1067,Jonathan Oneal,Female,76
1068,Richard Russell,Male,79
1069,Shannon Alexander,Male,48
1070,George Herring,Male,53
1071,Christopher Robbins,Female,35
1072,Alexis Nguyen,Female,74
1073,Brandon Washington,Female,40
1074,Wendy Anderson,Female,65
1075,Terry Blackburn,Male,49
1076,Edward Price,Female,63
1077,Melanie Clark,Male,51
1078,Patricia Armstrong,Male,80
1079,Lisa Davis,Male,78
1080,Donald Lopez,Female,72
1081,Ryan Davidson,Female,40
1082,Karen Robinson,Female,50
1083,Dr. Michael Davis,Male,71
1084,Jill Lara,Male,78
1085,Patrick Osborne,Female,34
1086,William Watson,Male,46
1087,Danielle Mcdonald MD,Male,59
1088,Brandon Williams,Male,45
1089,Kathleen Haney,Female,59
1090,Peter Mays,Female,30
1091,Rebecca Martinez,Male,36
1092,Robert Alvarado,Male,49
1093,Ricardo Williams,Female,40
1094,Brad Nguyen,Male,34
1095,Stephanie Bailey,Male,77
1096,Hannah Evans,Male,70
1097,Teresa Lopez,Female,43
1098,Krystal Andrews,Male,48
1099,Jared King,Female,36
1100,Brian Mccarty,Female,45
1101,Anita Knox,Female,61
1102,Tonya Burke,Female,51
1103,Michelle Sanders,Male,60
1104,John Rollins,Male,39
1105,Morgan Riley,Male,62
1106,Maria Gentry,Female,74
1107,Carolyn Brady,Male,60
1108,Tyler Coffey,Female,37
1109,Casey Valdez,Male,40
1110,Keith Hansen,Male,51
1111,Sarah Jones,Female,57
1112,Cynthia Baker,Female,30
1113,Mark Weaver,Male,45
1114,Robert Brock,Male,53
1115,Bobby Lawson,Male,78
1116,Kimberly Owens,Male,60
1117,David Santiago,Female,69
1118,David Clark,Male,50
1119,Jacob Woods,Male,39
1120,Amy Price,Female,35
1121,David Rollins,Female,62
1122,Clayton Warner,Male,65
1123,Benjamin Young,Male,40
1124,Jose Bean,Male,73
1125,Kathleen Lyons MD,Female,34
1126,Charles Mullins MD,Female,57
1127,Jason Odom,Female,77
1128,Lisa Collins,Male,75
1129,Christopher Rodriguez,Female,48
1130,Linda Valdez,Male,42
1131,Eileen Keith,Male,49
1132,Leslie Reyes,Female,37
1133,Amanda Sims,Male,67
1134,Mr. Ryan Lopez,Male,32
1135,Faith Hunt,Female,46
1136,Linda Murphy,Female,31
1137,Edward Mason,Male,69
1138,Emily Gibbs,Male,46
1139,Christopher Rice,Male,76
1140,Mrs. Lisa Price DDS,Male,74
1141,Bailey Perez,Male,32
1142,Patrick Jones,Male,47
1143,Jeffery Morales,Female,78
1144,Sherry Ramirez MD,Male,50
1145,Melanie Long,Male,65
1146,Michael Smith,Female,71
1147,Joshua Barber,Male,58
1148,Shelby Johnson,Male,53
1149,Allen Fox,Male,63
1150,Courtney Miller,Male,61
1151,Jennifer Ramirez,Male,43
1152,David Gibson,Female,75
1153,Joseph Yang,Male,45
1154,Jamie Newton,Female,48
1155,Jeff Burton,Female,45
1156,Gregory Morgan,Female,40
1157,Thomas Carlson,Female,44
1158,Renee Frank,Male,78
1159,Stephen Weber,Male,75
1160,Shawn Lee,Female,46
1161,Kathy Perry,Female,54
1162,Amber Wade,Female,75
1163,Christopher Thomas,Female,34
1164,Sandra Colon,Male,48
1165,Christina Hogan,Female,73
1166,Tyler Hart,Female,78
1167,Tyler Larson,Female,70
1168,Troy Henderson,Male,51
1169,Richard Woodard,Female,34
1170,Sherry Ball,Male,43
1171,Timothy Gomez,Male,56
1172,Jason Goodman,Female,74
1173,Donald Fuller,Female,72
1174,Randy Whitney,Male,73
1175,Frank Stokes,Male,44
1176,Hannah Russell,Female,34
1177,James Roberts,Female,62
1178,Natalie Brown,Female,32
1179,Cesar Washington,Male,60
1180,John Burgess,Female,50
1181,Veronica Roman,Male,39
1182,Mary Wheeler,Male,35
1183,Bryan Wilson,Female,72
1184,Tiffany Campbell,Male,78
1185,Kenneth Wall,Female,33
1186,Emily Curtis,Female,78
1187,William Curtis,Female,69
1188,Sarah Oneal,Female,35
1189,Gregory Brown,Male,66
1190,Edward Green,Female,76
1191,Cynthia Bates,Female,32
1192,Joshua Andrade,Female,55
1193,Joseph Johnson,Female,76
1194,Christie Lee,Male,69
1195,John Bryant,Female,70
1196,Jeremy Todd,Male,41
1197,Keith Hamilton,Male,61
1198,Marcus Miller,Female,59
1199,Jim Wolf,Female,72
1200,Susan Stephens,Female,37
1201,Rachael Martinez,Male,55
1202,Samantha Sanchez,Male,71
1203,Jon Moore,Male,72
1204,Jennifer Sharp,Male,56
1205,Amanda Gray,Female,48
1206,Isabella Oliver,Male,60
1207,Adam Waller,Male,36
1208,Zachary Maxwell,Female,43
1209,Sherry Wallace,Female,40
1210,Natalie King,Female,59
1211,Mark Price,Female,78
1212,Mary Hughes,Female,58
1213,Shaun Jennings,Male,50
1214,Devin Miranda,Female,39
1215,Angela Davis,Male,51
1216,David Smith,Male,51
1217,Courtney Villegas,Male,35
1218,Debra Garza,Male,62
1219,Todd Cox,Female,55
1220,Andrew Doyle,Female,63
1221,Michael Baker,Female,44
1222,Stephen Salazar,Female,73
1223,Erin Brock,Female,65
1224,Michael Holmes,Male,57
1225,Jesse Hernandez,Male,77
1226,Jason Thomas,Female,65
1227,Mario Harrison,Male,45
1228,Nicole Reynolds,Female,62
1229,Vickie Robinson,Male,58
1230,Stefanie Weaver DDS,Female,43
1231,Robert Hampton,Male,74
1232,Stephanie Sloan,Male,38
1233,Anthony Sweeney,Female,48
1234,Kimberly Cooper,Female,43
1235,Robert Brennan,Female,43
1236,Nicole Craig,Female,73
1237,Colton Edwards,Male,48
1238,Teresa Mueller,Female,50
1239,Stephanie Brown,Male,30
1240,Ryan Clark,Female,77
1241,Janice Soto,Male,47
1242,Tamara Joseph,Female,54
1243,Tommy Ferguson,Male,57
1244,Beth Perkins,Male,71
1245,Jeremy Taylor,Male,31
1246,Joseph Mills,Male,39
1247,Jonathan Campbell,Male,46
1248,Kendra Powell,Female,69
1249,Steven Nichols,Male,43
1250,Bobby Townsend,Female,45
1251,Karen Beck,Male,46
1252,Nicole Monroe,Male,71
1253,Alexandra Vasquez,Female,79
1254,Alexis Gibson,Male,67
1255,Amanda Moses,Female,51
1256,Philip Cardenas,Female,42
1257,Natalie Hughes,Male,57
1258,Erin Beck,Male,73
1259,Olivia Stewart,Female,67
1260,Holly Craig,Male,66
1261,Catherine Miller,Male,45
1262,Mark Thompson,Female,67
1263,Nicole Bryant,Male,68
1264,Megan Holmes,Female,64
1265,David Turner PhD,Female,35
1266,Brandon Morgan,Female,46
1267,Edward James,Female,59
1268,Diane Martinez,Female,61
1269,Terry Cameron,Female,38
1270,Reginald Ross,Female,60
1271,Kelli Jacobs,Female,66
1272,Sarah Ward,Female,69
1273,Melissa Bentley,Male,60
1274,Jacob Johnson,Male,37
1275,Laura Ramirez,Male,59
1276,Andrea Hamilton,Male,32
1277,Carlos Becker,Male,73
1278,Patrick Andrews,Female,53
1279,Bobby Green,Female,68
1280,Eric Bell,Female,69
1281,Victoria Mcguire,Female,50
1282,Mark Sloan,Female,47
1283,Julie Rodriguez,Female,77
1284,Kelly Salas,Female,31
1285,Allison Briggs,Male,73
1286,Jason Long,Male,66
1287,Bradley Smith,Female,47
1288,Thomas Cooper,Male,31
1289,Katherine Butler,Female,33
1290,Julie Price,Male,50
1291,Justin Pugh,Male,43
1292,Maria Fry,Male,50
1293,Audrey Goodman,Female,79
1294,Matthew Lloyd,Male,39
1295,Sonya Reynolds,Male,32
1296,Karen Hendricks,Female,78
1297,George Miller,Female,70
1298,Clarence Anderson,Male,59
1299,Lisa Curry,Female,52
1300,Caleb Delgado,Male,59
1301,Roger Ramirez,Male,38
1302,Edward Garza,Female,38
1303,Amy Carlson PhD,Female,77
1304,Mr. Sean Bailey,Male,60
1305,Darrell Goodwin,Male,76
1306,Julie Rogers,Female,31
1307,Noah Foster,Male,57
1308,Melissa Johnson,Male,44
1309,Jerry Galloway,Male,67
1310,James Rodriguez,Female,54
1311,Julie Burns,Male,40
1312,Joshua Griffin,Female,70
1313,Charlotte Fisher,Male,46
1314,Anna Jones,Female,34
1315,Stephanie Ford,Female,56
1316,Daniel Anderson,Male,54
1317,David Fletcher,Male,75
1318,Whitney Miller,Female,34
1319,Cheryl Gutierrez,Male,64
1320,Megan Carr,Female,54
1321,Kiara Schneider,Female,51
1322,Jonathan Garza,Female,36
1323,Brenda Gallagher,Male,58
1324,Michael Ellison,Female,63
1325,Scott Zuniga,Male,76
1326,Derrick Moreno,Male,32
1327,James Green,Female,76
1328,Philip Butler,Male,64
1329,John Medina,Female,42
1330,Susan Savage,Female,56
1331,Sylvia Martinez,Male,30
1332,Michael Burton,Male,69
1333,Douglas Hurst,Female,49
1334,Alexis Scott,Female,78
1335,Kenneth Maynard,Female,51
1336,Barry Brown,Male,54
1337,Makayla Weber,Female,66
1338,Nicholas Perkins,Male,53
1339,Jennifer Collins,Male,78
1340,Michael Estes,Female,63
1341,Eric Frye,Female,59
1342,Veronica Turner,Male,46
1343,Mark Frey,Male,74
1344,Ronald Mccoy,Male,32
1345,Jacqueline Miller,Female,35
1346,Jessica Mcdonald,Male,54
1347,Jessica Dennis,Female,38
1348,Robert Mitchell DVM,Female,58
1349,Daniel Chen,Male,43
1350,Jamie Garcia,Female,62
1351,Michele Snow,Female,68
1352,Johnathan Berry,Female,32
1353,Kyle Thompson,Female,57
1354,Carol Li,Female,46
1355,Mrs. Wendy Maxwell,Male,50
1356,Jessica Martinez,Male,57
1357,Steven Foster,Male,32
1358,Billy Price,Female,54
1359,Stephanie Murray,Male,80
1360,Morgan Gomez,Male,76
1361,Benjamin Anderson,Female,57
1362,Rebecca Patterson,Female,43
1363,Charles Gross,Female,30
1364,Bryan Myers,Female,45
1365,Patrick Nunez,Male,44
1366,Lindsay Hughes,Male,55
1367,Marie Estrada,Male,51
1368,Veronica Logan PhD,Female,40
1369,Sharon Martinez,Male,45
1370,Maria White,Male,61
1371,Kristen Wilson,Male,34
1372,William Chandler,Male,63
1373,Amy Lee,Female,75
1374,Paul Todd,Female,64
1375,Lisa Hudson,Male,78
1376,Rodney Cruz,Male,31
1377,Felicia Gomez,Male,73
1378,Lisa Jones,Female,56
1379,Jerry Davis,Female,54
1380,Richard Brown,Female,53
1381,James Ashley,Female,74
1382,Brian Hoffman,Male,66
1383,Rhonda Jones,Female,50
1384,Michael Faulkner,Male,46
1385,Tracy Franklin,Female,61
1386,Wendy Valdez,Female,48
1387,Kelly Rice,Female,57
1388,Scott White,Male,43
1389,Mike Price,Female,61
1390,Roy Carter,Male,58
1391,Judy Hart,Male,78
1392,Daniel Moyer,Male,55
1393,William Wilson,Female,35
1394,Kaitlyn Mathis,Female,71
1395,Michael Harper,Female,74
1396,Laurie Allen,Male,66
1397,David Ochoa,Male,46
1398,Jesse Duffy,Female,57
1399,Robert Houston,Male,77
1400,Ebony Payne,Female,65
1401,Victoria Wood,Male,54
1402,Kenneth Cortez,Female,68
1403,Regina Alvarado,Female,72
1404,Preston Rubio,Male,72
1405,Kimberly Hansen,Male,50
1406,Annette Jackson,Female,33
1407,Jessica Davis,Female,65
1408,Daniel Kelley,Female,39
1409,Amanda Howard,Male,40
1410,George Park,Male,36
1411,Sergio Hooper,Male,78
1412,Jessica Gilbert,Female,66
1413,Chad Brown,Male,38
1414,David Bradford,Male,43
1415,Jason Chan,Male,51
1416,Christina Murphy,Male,67
1417,Justin Chang,Male,80
1418,Bobby Anthony,Female,51
1419,Emily Hayes,Male,61
1420,Margaret Ross,Female,71
1421,Rebecca Colon,Female,60
1422,Karl Callahan,Male,68
1423,Ricky Wilson,Female,63
1424,Deanna Harmon,Female,68
1425,Andrew Carter,Female,46
1426,Karen Coleman,Male,68
1427,Kevin Ray,Female,68
1428,Charles Jackson,Male,73
1429,John Hamilton,Female,31
1430,Christopher Jones,Male,46
1431,Jessica Padilla,Male,32
1432,Wayne Odom,Male,65
1433,Maria Bates,Male,58
1434,Jasmine Sanchez,Female,68
1435,Richard Adams,Male,60
1436,Ann Stewart,Female,64
1437,Dr. Mark Johnston MD,Female,77
1438,Casey Ward,Female,80
1439,Jennifer Taylor,Female,75
1440,Tracy Frye,Male,58
1441,Amanda Brooks,Male,68
1442,Diane Morrison,Female,47
1443,Timothy Smith,Female,43
1444,Beth Torres,Female,72
1445,Sara Flores,Female,79
1446,Jessica Butler,Male,36
1447,Anthony Boyle,Male,48
1448,Sandra Garcia,Female,47
1449,Rebecca Baldwin,Male,43
1450,Crystal Hartman,Female,33
1451,Sandra Cooper,Female,63
1452,Charles Hall,Female,33
1453,Corey Salazar,Female,73
1454,Felicia Hunter,Male,78
1455,Ryan Dodson,Male,49
1456,Briana Hernandez,Female,44
1457,Samuel Beasley,Female,44
1458,Laura Jones,Female,71
1459,Chad Hernandez,Female,43
1460,Erik Wu,Male,56
1461,Brittney Garcia,Female,70
1462,Jordan Liu,Female,48
1463,Melissa Williams,Male,67
1464,Karina Morris,Male,38
1465,Vickie Macdonald,Female,35
1466,Lisa Solis,Male,33
1467,Anita Williams,Male,57
1468,Adam Brock,Male,34
1469,Mark Rodriguez,Male,53
1470,Justin Barrett,Female,32
1471,John Crawford MD,Male,36
1472,Justin Snyder,Male,77
1473,Becky Sweeney,Female,61
1474,Jillian Clayton,Male,33
1475,Brandon Ryan MD,Male,73
1476,Stephanie Conner,Male,43
1477,Glenn Sanford,Female,59
1478,Regina Simpson,Male,51
1479,Wayne Perez,Female,31
1480,Brittany Lang,Male,57
1481,Kevin Ward,Female,74
1482,Debra Wood,Female,51
1483,Brandon Santiago,Female,69
1484,Joshua Melendez,Male,64
1485,David Ferguson,Female,69
1486,Jack Perez,Male,71
1487,Briana Long,Male,77
1488,Amanda Kelley,Female,42
1489,Shane Allen,Male,70
1490,Brittney Haas,Female,53
1491,Trevor Potter,Male,32
1492,Karen Rich,Female,57
1493,Ricky Russell,Male,34
1494,Crystal Wiley,Female,31
1495,Jennifer Tyler,Male,63
1496,John Stein,Male,71
1497,Michael Moore,Female,42
1498,Marie Spencer,Male,70
1499,Chelsea Martin,Female,67
1500,Mary Hale,Male,62
1501,Teresa Blake,Female,40
1502,Susan Moore,Male,80
1503,Mark Vasquez,Female,39
1504,Brian Cain,Male,76
1505,Tamara Burns,Male,51
1506,Martha Oneal,Female,59
1507,Isaiah Waters,Male,69
1508,Kathryn Macias,Male,30
1509,Angela Clements,Female,49
1510,Donald Patton,Male,60
1511,Brandon Stevens,Female,54
1512,Stacy Perez,Male,57
1513,Jeffrey Dalton,Male,46
1514,Vanessa Smith,Male,59
1515,Ariel Garrett,Male,46
1516,Steven Jones,Female,48
1517,Ashley Brooks,Female,60
1518,Darrell Davis,Male,75
1519,Amy Walker,Male,37
1520,Ashley Wood,Male,56
1521,William Phillips,Male,34
1522,Elizabeth Walker,Female,34
1523,Carrie Smith,Female,40
1524,Adam Robinson,Female,77
1525,Vicki Leach,Male,40
1526,Joshua Leonard,Male,80
1527,Andrew Johns,Male,70
1528,Keith Boyer,Male,45
1529,Melissa Anderson,Male,60
1530,Karen Perry,Male,58
1531,Nathan Patel,Male,38
1532,Amber Martin,Female,75
1533,Gilbert Cannon,Female,45
1534,Steven Smith,Female,67
1535,Brian Wright,Male,42
1536,Zachary Wagner,Female,71
1537,Christopher Miles,Male,79
1538,Nicole Nunez,Male,74
1539,Justin James,Male,52
1540,Monica Jackson,Male,52
1541,Debbie Benitez,Male,69
1542,Nicole Moore,Male,71
1543,Tyler Lowery,Female,74
1544,Michael Jacobs,Male,30
1545,Lisa Clark,Female,56
1546,Sandra Burch,Female,54
1547,Ryan Brooks,Male,61
1548,Sara Ayala,Female,65
1549,Danielle Clark,Male,46
1550,Katie Pierce,Male,62
1551,Samuel Williams,Male,58
1552,Mr. Walter Williams,Male,55
1553,Shannon Hurst,Male,74
1554,Danielle Miller,Male,80
1555,Julie Smith,Female,76
1556,Thomas Nielsen,Female,64
1557,Charles Fuller,Male,68
1558,Teresa Kelley,Male,72
1559,Katherine Oneal,Male,54
1560,Alexander Shepherd,Male,78
1561,Jessica Watson,Male,55
1562,John Thomas,Male,61
1563,Daniel Willis,Male,44
1564,Patricia Wells,Female,60
1565,Jennifer Crane,Male,32
1566,Alicia Klein,Female,34
1567,Elizabeth Montgomery,Male,57
1568,Michael Oliver,Female,35
1569,Courtney Hughes,Female,32
1570,Chelsea Cortez,Male,63
1571,Virginia Tucker,Male,80
1572,Veronica Cook,Male,36
1573,Janet Turner,Female,56
1574,Mrs. Lisa Moran,Female,52
1575,Kurt Mcconnell,Male,48
1576,Victoria Hicks,Male,65
1577,Nancy Johnson,Male,38
1578,Tina Patterson,Female,44
1579,Bryan Mcdonald,Male,49
1580,Thomas Jackson,Male,37
1581,Deborah Davis,Male,43
1582,John Price,Female,50
1583,Jeffrey Garcia,Male,77
1584,Ryan Mcdonald,Male,45
1585,Joel Benson,Male,61
1586,Robert Avila,Female,56
1587,Stephen Strong,Male,46
1588,Daniel Cisneros,Male,38
1589,Earl Miles,Male,42
1590,Margaret Ali,Female,68
1591,Matthew Avila,Male,71
1592,Joseph Taylor,Male,58
1593,Miranda Martinez,Male,49
1594,Calvin Cole,Female,31
1595,Ivan Wilson,Male,71
1596,Elizabeth Obrien,Male,31
1597,John Camacho,Male,63
1598,Kathy Mccarty,Female,49
1599,Larry Bennett,Male,52
1600,Dawn Miller,Female,38
1601,Jeremiah Trevino,Male,75
1602,Maria Garza,Female,43
1603,Megan Smith,Male,35
1604,Ashley Gonzalez,Female,68
1605,Cody Taylor,Female,64
1606,Jennifer Dyer,Male,65
1607,Logan Whitaker,Female,39
1608,Teresa Johnson,Male,60
1609,Nicole Johnson,Male,66
1610,Gary Moss,Female,35
1611,Anthony Hoffman,Male,38
1612,Jason Moore,Female,45
1613,Alexandra Brown,Female,68
1614,Jose Reynolds,Female,48
1615,Brooke Chung,Male,50
1616,Natasha Wolfe,Male,72
1617,Justin Bell,Male,42
1618,Jamie Mendez,Female,73
1619,Troy Cantu,Male,66
1620,Karen Miller,Male,67
1621,Jason Parker,Female,44
1622,Jenna Webb,Male,76
1623,Andre Marks,Female,72
1624,Paul Sherman,Male,71
1625,Timothy Miller,Male,56
1626,Judith Abbott MD,Female,32
1627,James Roberts,Male,42
1628,Maria Morrison,Male,32
1629,Cynthia Luna,Female,46
1630,Philip Kerr,Female,31
1631,Ann Davis,Female,70
1632,Jeffrey Brown,Male,39
1633,Brian Hampton,Female,50
1634,Crystal Carlson,Male,65
1635,Christina Hill,Female,34
1636,Kimberly Kelley,Male,56
1637,Katherine Ryan,Male,58
1638,Kelly Lee,Female,47
1639,Preston Caldwell,Female,35
1640,Eric Harris,Male,71
1641,Christina Robles,Male,33
1642,James Meza,Female,48
1643,Monica Phillips,Male,71
1644,Megan Thomas,Male,31
1645,Stephanie Patton,Male,56
1646,Matthew Villarreal,Female,79
1647,Jeffery Savage,Male,52
1648,David Mathews,Male,52
1649,Mary Butler,Male,40
1650,Kari Jones,Male,37
1651,Tyler Oneill,Male,42
1652,Nathaniel Kline,Female,70
1653,Tracy Wilson,Female,72
1654,Ashlee Black,Male,43
1655,Robert Peters,Female,47
1656,Megan Ward,Female,31
1657,Kelly Donaldson,Female,35
1658,Felicia Stewart,Male,75
1659,Anthony Cobb,Female,68
1660,Curtis Collins,Female,41
1661,Laura Andrade,Female,46
1662,Karen Palmer,Male,43
1663,Paula Lynch,Female,71
1664,Bradley Potts,Male,71
1665,Jasmine Johnston,Male,74
1666,Andrea Roach,Male,64
1667,Daniel Payne,Male,37
1668,Brianna Prince,Female,33
1669,Janice Howell,Female,34
1670,Kent Perez,Male,38
1671,Sarah King,Male,80
1672,Kristina Coleman,Female,46
1673,Kurt Joyce,Male,34
1674,Alicia Jones,Female,50
1675,Stephen Carrillo,Female,60
1676,Daniel Miranda,Female,78
1677,John Gray,Male,38
1678,Jessica Lyons,Male,70
1679,Megan Murillo,Male,55
1680,Joseph Jones,Female,47
1681,Lisa Owens,Female,58
1682,Sherry James,Female,37
1683,Douglas Montgomery,Male,46
1684,Christopher Wallace,Female,67
1685,Thomas Hall,Male,69
1686,Kenneth Choi,Female,78
1687,Brenda Boyd,Male,43
1688,Ernest Ross,Female,65
1689,Earl Powell,Male,64
1690,Mark Silva,Male,63
1691,Carol Wilson,Female,59
1692,Gary Warren,Male,54
1693,Martin Middleton,Female,77
1694,Mrs. Sharon Guzman,Male,39
1695,Faith Frank,Male,48
1696,Sherri Davis,Female,78
1697,Megan Ward,Male,58
1698,Henry Smith,Female,67
1699,Erin Welch,Male,44
1700,Renee Castillo,Female,76
1701,John Moran,Male,50
1702,Traci Brooks,Female,35
1703,Lori Lindsey,Male,42
1704,Elizabeth Lewis,Male,72
1705,Sarah Kane,Male,67
1706,Kevin Thomas,Male,67
1707,Joseph Raymond,Female,64
1708,Mr. Benjamin Pena DDS,Male,66
1709,John Cox,Male,60
1710,Michael Johnson,Female,40
1711,Christopher Mckee,Female,75
1712,Mark Allen,Female,57
1713,Brian Campbell,Female,43
1714,James Chapman,Male,31
1715,Cassandra Morgan,Male,76
1716,Ashley Lucero,Female,70
1717,Regina Burgess,Male,44
1718,Madison Burke,Male,40
1719,Cesar Hill,Male,36
1720,Stephen Cain,Female,32
1721,Brittany House,Male,69
1722,Jerome Marshall,Female,33
1723,Caleb Francis,Female,60
1724,Morgan Henderson,Male,77
1725,Antonio Mccormick,Male,48
1726,Christopher Richardson,Male,55
1727,Justin Atkins,Male,38
1728,Eugene Rowe,Male,63
1729,Ana Wagner,Male,65
1730,Mr. Alexander Mills,Female,42
1731,Tammy Scott,Male,51
1732,Cheryl Mack,Female,42
1733,Dana Beck,Female,48
1734,Michael Berry,Male,51
1735,Wendy Steele,Female,51
1736,Patricia Alvarado,Male,50
1737,Deborah Jones,Male,47
1738,Sharon Shannon,Female,71
1739,Cheryl Bell,Female,60
1740,Deborah Martin,Male,72
1741,Gabriel Romero,Male,58
1742,Aaron Hicks,Male,32
1743,Cathy Miller,Male,63
1744,James Smith,Female,60
1745,Denise Watkins,Male,75
1746,Heather Lawson,Male,60
1747,Melissa James,Male,42
1748,Dr. Casey Roth,Male,74
1749,Margaret Martinez DDS,Female,71
1750,Maria Bradshaw,Female,55
1751,Donna Kim,Male,66
1752,Julie Ballard,Male,52
1753,Judy Harmon,Female,45
1754,Corey Bryant,Female,79
1755,Katherine Reese,Male,32
